,specialization,Year,CalendarWeek,absolute,extrapolated,Region,InfluenzaCases,Population,InfluenzaCasesPerCapita,VaccinationsPerCapita
0,1,2024,31,1,44,Baden-Württemberg,16,11230740,1.4246612422689866e-06,3.917818416239714e-06
1,1,2024,32,4,180,Baden-Württemberg,13,11230740,1.1575372593435518e-06,1.60274389755261e-05
2,1,2024,33,3,135,Baden-Württemberg,17,11230740,1.5137025699107983e-06,1.2020579231644575e-05
3,1,2024,36,1,45,Baden-Württemberg,19,11230740,1.6917852251944217e-06,4.006859743881525e-06
4,1,2024,37,66,2952,Baden-Württemberg,19,11230740,1.6917852251944217e-06,0.00026284999919862803
5,1,2024,38,227,10225,Baden-Württemberg,19,11230740,1.6917852251944217e-06,0.0009104475751375243
6,1,2024,39,543,24652,Baden-Württemberg,22,11230740,1.958909208119857e-06,0.0021950468090259413
7,1,2024,40,778,35660,Baden-Württemberg,28,11230740,2.493157173970727e-06,0.003175213743707004
8,1,2024,41,2182,99998,Baden-Württemberg,36,11230740,3.20548779510522e-06,0.008903954681525883
9,1,2024,42,2424,111083,Baden-Württemberg,35,11230740,3.1164464674634084e-06,0.009890977798435365
10,1,2024,43,2475,111506,Baden-Württemberg,32,11230740,2.8493224845379733e-06,0.009928642280027851
11,1,2024,44,998,44962,Baden-Württemberg,19,11230740,1.6917852251944217e-06,0.004003476173431136
12,1,2024,45,1742,78476,Baden-Württemberg,27,11230740,2.4041158463289153e-06,0.006987607228018813
13,1,2024,46,1326,60764,Baden-Württemberg,35,11230740,3.1164464674634084e-06,0.005410507232827044
14,1,2024,47,1097,51154,Baden-Württemberg,36,11230740,3.20548779510522e-06,0.004554820074189234
15,1,2024,48,767,35765,Baden-Württemberg,76,11230740,6.767140900777687e-06,0.0031845630831093944
16,1,2024,49,545,25622,Baden-Württemberg,78,11230740,6.94522355606131e-06,0.0022814168968384985
17,1,2024,50,486,23038,Baden-Württemberg,175,11230740,1.5582232337317043e-05,0.002051334106212057
18,1,2024,51,338,16013,Baden-Württemberg,299,11230740,2.6623356964901688e-05,0.0014258187795283303
19,1,2024,52,34,1608,Baden-Württemberg,283,11230740,2.5198695722632704e-05,0.00014317845484803317
20,1,2025,1,10,481,Baden-Württemberg,598,11230740,5.3246713929803376e-05,4.282887859571141e-05
21,1,2025,2,100,4827,Baden-Württemberg,1166,11230740,0.0001038221880303524,0.00042980248852702495
22,1,2025,3,199,9697,Baden-Württemberg,1699,11230740,0.00015128121566343803,0.0008634337541426478
23,1,2025,4,137,6729,Baden-Württemberg,2771,11230740,0.00024673351889546014,0.0005991590937017507
24,1,2025,5,98,4868,Baden-Württemberg,4223,11230740,0.0003760215266313707,0.0004334531829603392
25,2,2024,37,2,174,Baden-Württemberg,19,11230740,1.6917852251944217e-06,1.5493191009675232e-05
26,2,2024,38,1,87,Baden-Württemberg,19,11230740,1.6917852251944217e-06,7.746595504837616e-06
27,2,2024,39,11,960,Baden-Württemberg,22,11230740,1.958909208119857e-06,8.54796745361392e-05
28,2,2024,40,7,611,Baden-Württemberg,28,11230740,2.493157173970727e-06,5.440425118914693e-05
29,2,2024,41,30,2618,Baden-Württemberg,36,11230740,3.20548779510522e-06,0.00023311019576626295
30,2,2024,42,44,3840,Baden-Württemberg,35,11230740,3.1164464674634084e-06,0.0003419186981445568
31,2,2024,43,29,2531,Baden-Württemberg,32,11230740,2.8493224845379733e-06,0.00022536360026142533
32,2,2024,44,33,2881,Baden-Württemberg,19,11230740,1.6917852251944217e-06,0.0002565280649360594
33,2,2024,45,38,3316,Baden-Württemberg,27,11230740,2.4041158463289153e-06,0.0002952610424602475
34,2,2024,46,30,2618,Baden-Württemberg,35,11230740,3.1164464674634084e-06,0.00023311019576626295
35,2,2024,47,27,2354,Baden-Württemberg,36,11230740,3.20548779510522e-06,0.00020960328526882467
36,2,2024,48,16,1395,Baden-Württemberg,76,11230740,6.767140900777687e-06,0.0001242126520603273
37,2,2024,49,15,1308,Baden-Württemberg,78,11230740,6.94522355606131e-06,0.00011646605655548967
38,2,2024,50,10,870,Baden-Württemberg,175,11230740,1.5582232337317043e-05,7.746595504837615e-05
39,2,2024,51,8,697,Baden-Württemberg,299,11230740,2.6623356964901688e-05,6.206180536634274e-05
40,2,2025,2,7,610,Baden-Württemberg,1166,11230740,0.0001038221880303524,5.431520986150512e-05
41,2,2025,3,6,522,Baden-Württemberg,1699,11230740,0.00015128121566343803,4.647957302902569e-05
42,2,2025,4,1,87,Baden-Württemberg,2771,11230740,0.00024673351889546014,7.746595504837616e-06
43,2,2025,5,3,262,Baden-Württemberg,4223,11230740,0.0003760215266313707,2.3328827842154657e-05
44,3,2024,31,1,59,Baden-Württemberg,16,11230740,1.4246612422689866e-06,5.2534383308668886e-06
45,3,2024,36,3,189,Baden-Württemberg,19,11230740,1.6917852251944217e-06,1.6828810924302404e-05
46,3,2024,37,35,2216,Baden-Württemberg,19,11230740,1.6917852251944217e-06,0.00019731558205425467
47,3,2024,38,218,13806,Baden-Württemberg,19,11230740,1.6917852251944217e-06,0.0012293045694228518
48,3,2024,39,303,19190,Baden-Württemberg,22,11230740,1.958909208119857e-06,0.001708703077446366
49,3,2024,40,573,35588,Baden-Württemberg,28,11230740,2.493157173970727e-06,0.0031688027681167938
50,3,2024,41,1480,91923,Baden-Württemberg,36,11230740,3.20548779510522e-06,0.008184945960818254
51,3,2024,42,1740,108072,Baden-Württemberg,35,11230740,3.1164464674634084e-06,0.009622874360905871
52,3,2024,43,1530,95029,Baden-Württemberg,32,11230740,2.8493224845379733e-06,0.008461508324473722
53,3,2024,44,685,42543,Baden-Württemberg,19,11230740,1.6917852251944217e-06,0.0037880852018655937
54,3,2024,45,1075,66771,Baden-Württemberg,27,11230740,2.4041158463289153e-06,0.005945378487971407
55,3,2024,46,981,59771,Baden-Württemberg,35,11230740,3.1164464674634084e-06,0.005322089194478725
56,3,2024,47,700,42653,Baden-Württemberg,36,11230740,3.20548779510522e-06,0.0037978797479061932
57,3,2024,48,497,30864,Baden-Württemberg,76,11230740,6.767140900777687e-06,0.0027481715363368753
58,3,2024,49,386,23968,Baden-Württemberg,78,11230740,6.94522355606131e-06,0.002134142540918942
59,3,2024,50,313,19436,Baden-Württemberg,175,11230740,1.5582232337317043e-05,0.0017306072440462516
60,3,2024,51,247,15643,Baden-Württemberg,299,11230740,2.6623356964901688e-05,0.00139287348830086
61,3,2024,52,15,930,Baden-Württemberg,283,11230740,2.5198695722632704e-05,8.280843470688485e-05
62,3,2025,1,12,744,Baden-Württemberg,598,11230740,5.3246713929803376e-05,6.624674776550788e-05
63,3,2025,2,47,2919,Baden-Württemberg,1166,11230740,0.0001038221880303524,0.00025991163538644825
64,3,2025,3,83,5257,Baden-Württemberg,1699,11230740,0.00015128121566343803,0.00046809025941300394
65,3,2025,4,75,4655,Baden-Württemberg,2771,11230740,0.00024673351889546014,0.00041448738017263334
66,3,2025,5,34,2110,Baden-Württemberg,4223,11230740,0.0003760215266313707,0.00018787720132422262
67,1,2024,32,2,86,Bayern,7,13176426,5.312517977181369e-07,6.526807800537111e-06
68,1,2024,35,12,520,Bayern,16,13176426,1.2142898233557416e-06,3.94644192590616e-05
69,1,2024,36,40,1837,Bayern,21,13176426,1.5937553931544107e-06,0.00013941565034403106
70,1,2024,37,219,10049,Bayern,22,13176426,1.6696485071141446e-06,0.0007626499021813654
71,1,2024,38,583,27474,Bayern,20,13176426,1.517862279194677e-06,0.0020850874129297275
72,1,2024,39,1011,47978,Bayern,35,13176426,2.6562589885906845e-06,0.0036411998215601107
73,1,2024,40,1622,76449,Bayern,39,13176426,2.95983144442962e-06,0.005801952669107693
74,1,2024,41,3152,148570,Bayern,65,13176426,4.9330524073827e-06,0.011275439940997658
75,1,2024,42,2994,141124,Bayern,65,13176426,4.9330524073827e-06,0.01071033981445348
76,1,2024,43,2624,124552,Bayern,50,13176426,3.794655697986692e-06,0.00945263912991277
77,1,2024,44,1506,72020,Bayern,48,13176426,3.6428694700672247e-06,0.005465822067380032
78,1,2024,45,1888,90284,Bayern,51,13176426,3.870548811946426e-06,0.006851933900740611
79,1,2024,46,1543,73225,Bayern,63,13176426,4.781266179463233e-06,0.005557273269701511
80,1,2024,47,1118,53467,Bayern,96,13176426,7.285738940134449e-06,0.00405777712408509
81,1,2024,48,801,38309,Bayern,161,13176426,1.221879134751715e-05,0.002907389302683444
82,1,2024,49,563,27101,Bayern,223,13176426,1.692416441302065e-05,0.002056779281422747
83,1,2024,50,534,25704,Bayern,430,13176426,3.2634039002685555e-05,0.0019507566012209989
84,1,2024,51,357,17341,Bayern,779,13176426,5.9120735774632664e-05,0.0013160624891757446
85,1,2024,52,39,1875,Bayern,556,13176426,4.2196571361612015e-05,0.00014229958867450096
86,1,2025,1,41,2001,Bayern,1101,13176426,8.355831846966697e-05,0.00015186212103342742
87,1,2025,2,153,7485,Bayern,2186,13176426,0.00016590234711597818,0.0005680599579886078
88,1,2025,3,200,9724,Bayern,3407,13176426,0.0002585678392608132,0.0007379846401444519
89,1,2025,4,180,8661,Bayern,6378,13176426,0.0004840462808351825,0.0006573102600052549
90,1,2025,5,95,4570,Bayern,9521,13176426,0.000722578338010626,0.0003468315307959837
91,2,2024,38,19,1502,Bayern,20,13176426,1.517862279194677e-06,0.00011399145716752023
92,2,2024,39,30,2190,Bayern,35,13176426,2.6562589885906845e-06,0.00016620591957181713
93,2,2024,40,53,3869,Bayern,39,13176426,2.95983144442962e-06,0.00029363045791021026
94,2,2024,41,83,6059,Bayern,65,13176426,4.9330524073827e-06,0.0004598363774820274
95,2,2024,42,156,11388,Bayern,65,13176426,4.9330524073827e-06,0.000864270781773449
96,2,2024,43,153,11169,Bayern,50,13176426,3.794655697986692e-06,0.0008476501898162673
97,2,2024,44,117,8541,Bayern,48,13176426,3.6428694700672247e-06,0.0006482030863300868
98,2,2024,45,229,16717,Bayern,51,13176426,3.870548811946426e-06,0.0012687051860648707
99,2,2024,46,104,7592,Bayern,63,13176426,4.781266179463233e-06,0.0005761805211822994
100,2,2024,47,89,7036,Bayern,96,13176426,7.285738940134449e-06,0.0005339839498206873
101,2,2024,48,127,10041,Bayern,161,13176426,1.221879134751715e-05,0.0007620427572696876
102,2,2024,49,54,4269,Bayern,223,13176426,1.692416441302065e-05,0.00032398770349410376
103,2,2024,50,31,2451,Bayern,430,13176426,3.2634039002685555e-05,0.00018601402231530767
104,2,2024,51,16,1264,Bayern,779,13176426,5.9120735774632664e-05,9.592889604510359e-05
105,2,2024,52,1,79,Bayern,556,13176426,4.2196571361612015e-05,5.995556002818974e-06
106,2,2025,1,1,79,Bayern,1101,13176426,8.355831846966697e-05,5.995556002818974e-06
107,2,2025,2,7,511,Bayern,2186,13176426,0.00016590234711597818,3.8781381233423994e-05
108,2,2025,3,11,803,Bayern,3407,13176426,0.0002585678392608132,6.0942170509666276e-05
109,2,2025,4,9,657,Bayern,6378,13176426,0.0004840462808351825,4.9861775871545135e-05
110,2,2025,5,4,292,Bayern,9521,13176426,0.000722578338010626,2.2160789276242282e-05
111,3,2024,35,1,62,Bayern,16,13176426,1.2142898233557416e-06,4.705373065503498e-06
112,3,2024,36,6,377,Bayern,21,13176426,1.5937553931544107e-06,2.8611703962819658e-05
113,3,2024,37,49,3121,Bayern,22,13176426,1.6696485071141446e-06,0.00023686240866832933
114,3,2024,38,196,12478,Bayern,20,13176426,1.517862279194677e-06,0.0009469942759895589
115,3,2024,39,312,19871,Bayern,35,13176426,2.6562589885906845e-06,0.0015080720674938712
116,3,2024,40,518,32983,Bayern,39,13176426,2.95983144442962e-06,0.0025031825777339016
117,3,2024,41,1124,71550,Bayern,65,13176426,4.9330524073827e-06,0.005430152303818957
118,3,2024,42,1162,72849,Bayern,65,13176426,4.9330524073827e-06,0.005528737458852651
119,3,2024,43,1079,67642,Bayern,50,13176426,3.794655697986692e-06,0.005133562014464316
120,3,2024,44,533,33413,Bayern,48,13176426,3.6428694700672247e-06,0.002535816616736587
121,3,2024,45,821,51468,Bayern,51,13176426,3.870548811946426e-06,0.0039060667892795815
122,3,2024,46,701,43946,Bayern,63,13176426,4.781266179463233e-06,0.0033351987860744635
123,3,2024,47,539,33794,Bayern,96,13176426,7.285738940134449e-06,0.0025647318931552457
124,3,2024,48,348,21492,Bayern,161,13176426,1.221879134751715e-05,0.0016310948052225998
125,3,2024,49,295,18218,Bayern,223,13176426,1.692416441302065e-05,0.0013826207501184311
126,3,2024,50,209,12907,Bayern,430,13176426,3.2634039002685555e-05,0.0009795524218782848
127,3,2024,51,157,9844,Bayern,779,13176426,5.9120735774632664e-05,0.00074709181381962
128,3,2024,52,12,765,Bayern,556,13176426,4.2196571361612015e-05,5.805823217919639e-05
129,3,2025,1,13,830,Bayern,1101,13176426,8.355831846966697e-05,6.29912845865791e-05
130,3,2025,2,36,2298,Bayern,2186,13176426,0.00016590234711597818,0.00017440237587946838
131,3,2025,3,91,5889,Bayern,3407,13176426,0.0002585678392608132,0.0004469345481088726
132,3,2025,4,69,4466,Bayern,6378,13176426,0.0004840462808351825,0.00033893864694417136
133,3,2025,5,55,3616,Bayern,9521,13176426,0.000722578338010626,0.0002744295000783976
134,1,2024,36,12,608,Berlin,4,3662381,1.0921856573633382e-06,0.0001660122199192274
135,1,2024,37,94,4754,Berlin,8,3662381,2.1843713147266765e-06,0.0012980626537763276
136,1,2024,38,196,10243,Berlin,5,3662381,1.3652320717041728e-06,0.0027968144220931685
137,1,2024,39,394,19921,Berlin,7,3662381,1.911324900385842e-06,0.005439357620083765
138,1,2024,40,548,27710,Berlin,7,3662381,1.911324900385842e-06,0.007566116141384526
139,1,2024,41,1338,67633,Berlin,14,3662381,3.822649800771684e-06,0.018466948141113663
140,1,2024,42,1315,66463,Berlin,11,3662381,3.00351055774918e-06,0.018147483836334886
141,1,2024,43,805,40690,Berlin,15,3662381,4.095696215112518e-06,0.011110258599528558
142,1,2024,44,689,34832,Berlin,15,3662381,4.095696215112518e-06,0.009510752704319949
143,1,2024,45,769,38872,Berlin,17,3662381,4.641789043794188e-06,0.01061386021825692
144,1,2024,46,669,32721,Berlin,18,3662381,4.914835458135022e-06,0.008934351723646447
145,1,2024,47,581,28420,Berlin,33,3662381,9.01053167324754e-06,0.007759979095566518
146,1,2024,48,383,18738,Berlin,83,3662381,2.2662852390289267e-05,0.005116343711918558
147,1,2024,49,404,19760,Berlin,81,3662381,2.21167595616076e-05,0.005395397147374891
148,1,2024,50,227,11106,Berlin,151,3662381,4.123000856546602e-05,0.0030324534776693087
149,1,2024,51,152,7438,Berlin,241,3662381,6.580418585614113e-05,0.0020309192298671275
150,1,2024,52,7,343,Berlin,246,3662381,6.71694179278453e-05,9.365492011890625e-05
151,1,2025,1,19,964,Berlin,319,3662381,8.710180617472622e-05,0.0002632167434245645
152,1,2025,2,63,3188,Berlin,855,3662381,0.00023345468426141355,0.0008704719689185806
153,1,2025,3,76,3845,Berlin,1224,3662381,0.00033420881115318147,0.0010498634631405089
154,1,2025,4,50,2528,Berlin,1829,3662381,0.0004994018918293864,0.0006902613354536298
155,1,2025,5,36,1823,Berlin,2064,3662381,0.0005635677991994825,0.0004977636133433414
156,3,2024,33,1,47,Berlin,6,3662381,1.6382784860450072e-06,1.2833181474019225e-05
157,3,2024,36,41,2061,Berlin,4,3662381,1.0921856573633382e-06,0.00056274865995646
158,3,2024,37,106,5327,Berlin,8,3662381,2.1843713147266765e-06,0.0014545182491936257
159,3,2024,38,113,5682,Berlin,5,3662381,1.3652320717041728e-06,0.001551449726284622
160,3,2024,39,253,12722,Berlin,7,3662381,1.911324900385842e-06,0.003473696483244097
161,3,2024,40,412,20718,Berlin,7,3662381,1.911324900385842e-06,0.00565697561231341
162,3,2024,41,1035,52052,Berlin,14,3662381,3.822649800771684e-06,0.01421261195926912
163,3,2024,42,1157,58187,Berlin,11,3662381,3.00351055774918e-06,0.01588775171125014
164,3,2024,43,741,37263,Berlin,15,3662381,4.095696215112518e-06,0.010174528537582519
165,3,2024,44,792,39826,Berlin,15,3662381,4.095696215112518e-06,0.010874346497538077
166,3,2024,45,767,38573,Berlin,17,3662381,4.641789043794188e-06,0.010532219340369011
167,3,2024,46,605,30422,Berlin,18,3662381,4.914835458135022e-06,0.00830661801707687
168,3,2024,47,402,20210,Berlin,33,3662381,9.01053167324754e-06,0.005518268033828266
169,3,2024,48,318,15992,Berlin,83,3662381,2.2662852390289267e-05,0.004366558258138626
170,3,2024,49,255,12822,Berlin,81,3662381,2.21167595616076e-05,0.0035010011246781807
171,3,2024,50,205,10308,Berlin,151,3662381,4.123000856546602e-05,0.0028145624390253227
172,3,2024,51,145,7289,Berlin,241,3662381,6.580418585614113e-05,0.001990235314130343
173,3,2024,52,5,250,Berlin,246,3662381,6.71694179278453e-05,6.826160358520864e-05
174,3,2025,1,12,602,Berlin,319,3662381,8.710180617472622e-05,0.0001643739414331824
175,3,2025,2,81,4070,Berlin,855,3662381,0.00023345468426141355,0.0011112989063671967
176,3,2025,3,66,3318,Berlin,1224,3662381,0.00033420881115318147,0.0009059680027828891
177,3,2025,4,48,2410,Berlin,1829,3662381,0.0004994018918293864,0.0006580418585614113
178,3,2025,5,36,1807,Berlin,2064,3662381,0.0005635677991994825,0.000493394870713888
179,1,2024,33,1,5,Brandenburg,4,2554464,1.5658862289701478e-06,1.957357786212685e-06
180,1,2024,36,10,51,Brandenburg,7,2554464,2.7403009006977588e-06,1.9965049419369387e-05
181,1,2024,37,81,421,Brandenburg,4,2554464,1.5658862289701478e-06,0.00016480952559910807
182,1,2024,38,218,1142,Brandenburg,5,2554464,1.957357786212685e-06,0.0004470605183709772
183,1,2024,39,372,1946,Brandenburg,4,2554464,1.5658862289701478e-06,0.000761803650393977
184,1,2024,40,484,2535,Brandenburg,7,2554464,2.7403009006977588e-06,0.0009923803976098313
185,1,2024,41,1307,6852,Brandenburg,7,2554464,2.7403009006977588e-06,0.0026823631102258633
186,1,2024,42,1159,6073,Brandenburg,5,2554464,1.957357786212685e-06,0.002377406767133927
187,1,2024,43,409,2143,Brandenburg,7,2554464,2.7403009006977588e-06,0.0008389235471707567
188,1,2024,44,285,1489,Brandenburg,13,2554464,5.089130244152981e-06,0.0005829011487341376
189,1,2024,45,563,2948,Brandenburg,10,2554464,3.91471557242537e-06,0.001154058150750999
190,1,2024,46,502,2628,Brandenburg,15,2554464,5.872073358638055e-06,0.001028787252433387
191,1,2024,47,305,1591,Brandenburg,30,2554464,1.174414671727611e-05,0.0006228312475728764
192,1,2024,48,235,1227,Brandenburg,47,2554464,1.8399163190399238e-05,0.0004803356007365929
193,1,2024,49,189,987,Brandenburg,64,2554464,2.5054179663522365e-05,0.000386382426998384
194,1,2024,50,174,906,Brandenburg,115,2554464,4.501922908289175e-05,0.0003546732308617385
195,1,2024,51,128,668,Brandenburg,231,2554464,9.042992972302605e-05,0.0002615030002380147
196,1,2024,52,14,71,Brandenburg,104,2554464,4.071304195322385e-05,2.7794480564220127e-05
197,1,2025,1,5,25,Brandenburg,170,2554464,6.655016473123129e-05,9.786788931063425e-06
198,1,2025,2,64,334,Brandenburg,497,2554464,0.00019456136394954088,0.00013075150011900735
199,1,2025,3,63,325,Brandenburg,900,2554464,0.0003523244015182833,0.00012722825610382452
200,1,2025,4,38,196,Brandenburg,1598,2554464,0.0006255715484735741,7.672842521953725e-05
201,1,2025,5,30,153,Brandenburg,2541,2554464,0.0009947292269532864,5.989514825810816e-05
202,2,2024,51,1,80,Brandenburg,231,2554464,9.042992972302605e-05,3.131772457940296e-05
203,3,2024,36,6,594,Brandenburg,7,2554464,2.7403009006977588e-06,0.00023253410500206697
204,3,2024,37,60,5947,Brandenburg,4,2554464,1.5658862289701478e-06,0.0023280813509213676
205,3,2024,38,106,10507,Brandenburg,5,2554464,1.957357786212685e-06,0.004113191651947336
206,3,2024,39,175,17344,Brandenburg,4,2554464,1.5658862289701478e-06,0.006789682688814562
207,3,2024,40,307,30428,Brandenburg,7,2554464,2.7403009006977588e-06,0.011911696543775916
208,3,2024,41,502,49764,Brandenburg,7,2554464,2.7403009006977588e-06,0.01948119057461761
209,3,2024,42,403,39948,Brandenburg,5,2554464,1.957357786212685e-06,0.01563850576872487
210,3,2024,43,390,38664,Brandenburg,7,2554464,2.7403009006977588e-06,0.01513585628922545
211,3,2024,44,235,23295,Brandenburg,13,2554464,5.089130244152981e-06,0.0091193299259649
212,3,2024,45,413,40943,Brandenburg,10,2554464,3.91471557242537e-06,0.016028019968181192
213,3,2024,46,291,28846,Brandenburg,15,2554464,5.872073358638055e-06,0.011292388540218221
214,3,2024,47,218,21610,Brandenburg,30,2554464,1.174414671727611e-05,0.008459700352011225
215,3,2024,48,103,10209,Brandenburg,47,2554464,1.8399163190399238e-05,0.0039965331278890605
216,3,2024,49,71,7038,Brandenburg,64,2554464,2.5054179663522365e-05,0.0027551768198729753
217,3,2024,50,89,8822,Brandenburg,115,2554464,4.501922908289175e-05,0.0034535620779936613
218,3,2024,51,81,8027,Brandenburg,231,2554464,9.042992972302605e-05,0.0031423421899858446
219,3,2024,52,3,297,Brandenburg,104,2554464,4.071304195322385e-05,0.00011626705250103349
220,3,2025,1,7,693,Brandenburg,170,2554464,6.655016473123129e-05,0.00027128978916907815
221,3,2025,2,30,2971,Brandenburg,497,2554464,0.00019456136394954088,0.0011630619965675773
222,3,2025,3,21,2079,Brandenburg,900,2554464,0.0003523244015182833,0.0008138693675072344
223,3,2025,4,14,1387,Brandenburg,1598,2554464,0.0006255715484735741,0.0005429710498953989
224,3,2025,5,9,892,Brandenburg,2541,2554464,0.0009947292269532864,0.000349192629060343
225,1,2024,34,2,70,Bremen,0,702655,0.0,9.962214742654645e-05
226,1,2024,35,1,35,Bremen,0,702655,0.0,4.9811073713273225e-05
227,1,2024,36,7,245,Bremen,0,702655,0.0,0.0003486775159929126
228,1,2024,37,11,383,Bremen,0,702655,0.0,0.0005450754637766756
229,1,2024,38,19,662,Bremen,0,702655,0.0,0.0009421408799481965
230,1,2024,39,85,2958,Bremen,1,702655,1.4231735346649494e-06,0.00420974731553892
231,1,2024,40,181,6296,Bremen,1,702655,1.4231735346649494e-06,0.008960300574250521
232,1,2024,41,216,7512,Bremen,2,702655,2.8463470693298987e-06,0.0106908795924031
233,1,2024,42,229,7965,Bremen,0,702655,0.0,0.011335577203606322
234,1,2024,43,196,6819,Bremen,1,702655,1.4231735346649494e-06,0.00970462033288029
235,1,2024,44,186,6471,Bremen,0,702655,0.0,0.009209355942816888
236,1,2024,45,235,8173,Bremen,2,702655,2.8463470693298987e-06,0.011631597298816632
237,1,2024,46,135,4698,Bremen,1,702655,1.4231735346649494e-06,0.006686069265855932
238,1,2024,47,137,4769,Bremen,1,702655,1.4231735346649494e-06,0.006787114586817144
239,1,2024,48,79,2749,Bremen,2,702655,2.8463470693298987e-06,0.003912304046793946
240,1,2024,49,56,1948,Bremen,7,702655,9.962214742654645e-06,0.002772342045527321
241,1,2024,50,54,1878,Bremen,7,702655,9.962214742654645e-06,0.002672719898100775
242,1,2024,51,33,1149,Bremen,6,702655,8.539041207989697e-06,0.0016352263913300268
243,1,2024,52,4,140,Bremen,11,702655,1.5654908881314444e-05,0.0001992442948530929
244,1,2025,1,1,35,Bremen,18,702655,2.561712362396909e-05,4.9811073713273225e-05
245,1,2025,2,12,419,Bremen,25,702655,3.5579338366623734e-05,0.0005963097110246138
246,1,2025,3,16,558,Bremen,36,702655,5.123424724793818e-05,0.0007941308323430417
247,1,2025,4,13,453,Bremen,87,702655,0.0001238160975158506,0.0006446976112032221
248,1,2025,5,12,420,Bremen,166,702655,0.0002362468067543816,0.0005977328845592787
249,2,2024,38,19,31,Bremen,0,702655,0.0,4.411837957461343e-05
250,2,2024,39,40,63,Bremen,1,702655,1.4231735346649494e-06,8.96599326838918e-05
251,2,2024,40,35,56,Bremen,1,702655,1.4231735346649494e-06,7.969771794123716e-05
252,2,2024,41,39,60,Bremen,2,702655,2.8463470693298987e-06,8.539041207989696e-05
253,2,2024,43,92,143,Bremen,1,702655,1.4231735346649494e-06,0.00020351381545708776
254,2,2024,44,47,73,Bremen,0,702655,0.0,0.00010389166803054131
255,2,2024,45,77,122,Bremen,2,702655,2.8463470693298987e-06,0.00017362717122912383
256,2,2024,46,40,62,Bremen,1,702655,1.4231735346649494e-06,8.823675914922687e-05
257,2,2024,47,19,30,Bremen,1,702655,1.4231735346649494e-06,4.269520603994848e-05
258,2,2024,48,33,51,Bremen,2,702655,2.8463470693298987e-06,7.258185026791242e-05
259,2,2024,49,19,31,Bremen,7,702655,9.962214742654645e-06,4.411837957461343e-05
260,2,2024,50,22,36,Bremen,7,702655,9.962214742654645e-06,5.123424724793818e-05
261,2,2024,51,11,18,Bremen,6,702655,8.539041207989697e-06,2.561712362396909e-05
262,2,2025,2,8,13,Bremen,25,702655,3.5579338366623734e-05,1.850125595064434e-05
263,2,2025,3,2,4,Bremen,36,702655,5.123424724793818e-05,5.6926941386597974e-06
264,3,2024,32,1,30,Bremen,0,702655,0.0,4.269520603994848e-05
265,3,2024,34,1,30,Bremen,0,702655,0.0,4.269520603994848e-05
266,3,2024,36,2,60,Bremen,0,702655,0.0,8.539041207989696e-05
267,3,2024,37,23,681,Bremen,0,702655,0.0,0.0009691811771068306
268,3,2024,38,37,1094,Bremen,0,702655,0.0,0.0015569518469234545
269,3,2024,39,73,2161,Bremen,1,702655,1.4231735346649494e-06,0.0030754780084109555
270,3,2024,40,166,4900,Bremen,1,702655,1.4231735346649494e-06,0.006973550319858252
271,3,2024,41,290,8563,Bremen,2,702655,2.8463470693298987e-06,0.012186634977335962
272,3,2024,42,262,7742,Bremen,0,702655,0.0,0.011018209505376037
273,3,2024,43,435,12846,Bremen,1,702655,1.4231735346649494e-06,0.018282087226305938
274,3,2024,44,242,7154,Bremen,0,702655,0.0,0.010181383466993047
275,3,2024,45,260,7677,Bremen,2,702655,2.8463470693298987e-06,0.010925703225622816
276,3,2024,46,197,5819,Bremen,1,702655,1.4231735346649494e-06,0.00828144679821534
277,3,2024,47,144,4256,Bremen,1,702655,1.4231735346649494e-06,0.006057026563534024
278,3,2024,48,122,3607,Bremen,2,702655,2.8463470693298987e-06,0.005133386939536472
279,3,2024,49,81,2393,Bremen,7,702655,9.962214742654645e-06,0.0034056542684532238
280,3,2024,50,62,1834,Bremen,7,702655,9.962214742654645e-06,0.002610100262575517
281,3,2024,51,49,1453,Bremen,6,702655,8.539041207989697e-06,0.0020678711458681715
282,3,2024,52,24,710,Bremen,11,702655,1.5654908881314444e-05,0.001010453209612114
283,3,2025,1,6,180,Bremen,18,702655,2.561712362396909e-05,0.00025617123623969087
284,3,2025,2,25,739,Bremen,25,702655,3.5579338366623734e-05,0.0010517252421173976
285,3,2025,3,21,621,Bremen,36,702655,5.123424724793818e-05,0.0008837907650269336
286,3,2025,4,25,741,Bremen,87,702655,0.0001238160975158506,0.0010545715891867274
287,3,2025,5,6,179,Bremen,166,702655,0.0002362468067543816,0.0002547480627050259
288,1,2024,36,1,28,Hamburg,9,1851596,4.8606715503814005e-06,1.5122089267853247e-05
289,1,2024,37,15,417,Hamburg,7,1851596,3.7805223169633116e-06,0.00022521111516767158
290,1,2024,38,87,2408,Hamburg,6,1851596,3.240447700254267e-06,0.0013004996770353792
291,1,2024,39,95,2629,Hamburg,5,1851596,2.7003730835452227e-06,0.001419856167328078
292,1,2024,40,268,7406,Hamburg,6,1851596,3.240447700254267e-06,0.003999792611347184
293,1,2024,41,536,15318,Hamburg,12,1851596,6.480895400508534e-06,0.008272862978749143
294,1,2024,42,605,17285,Hamburg,6,1851596,3.240447700254267e-06,0.009335189749815835
295,1,2024,43,347,9922,Hamburg,7,1851596,3.7805223169633116e-06,0.00535862034698714
296,1,2024,44,248,7091,Hamburg,7,1851596,3.7805223169633116e-06,0.003829669107083835
297,1,2024,45,480,13718,Hamburg,17,1851596,9.181268484053756e-06,0.007408743592014673
298,1,2024,46,348,11089,Hamburg,16,1851596,8.641193867344713e-06,0.005988887424686595
299,1,2024,47,238,7585,Hamburg,39,1851596,2.1062910051652735e-05,0.004096465967738103
300,1,2024,48,172,5483,Hamburg,48,1851596,2.5923581602034137e-05,0.002961229123415691
301,1,2024,49,116,3698,Hamburg,76,1851596,4.1045670869887384e-05,0.0019971959325900466
302,1,2024,50,129,4114,Hamburg,112,1851596,6.0488357071412986e-05,0.002221866973141009
303,1,2024,51,78,2487,Hamburg,187,1851596,0.00010099395332459132,0.0013431655717553938
304,1,2024,52,8,256,Hamburg,106,1851596,5.724790937115872e-05,0.0001382591018775154
305,1,2025,1,7,224,Hamburg,178,1851596,9.613328177420993e-05,0.00012097671414282597
306,1,2025,2,50,1596,Hamburg,314,1851596,0.00016958342964663997,0.0008619590882676351
307,1,2025,3,29,925,Hamburg,486,1851596,0.00026247626372059564,0.0004995690204558662
308,1,2025,4,43,1373,Hamburg,760,1851596,0.00041045670869887385,0.0007415224487415181
309,1,2025,5,30,958,Hamburg,1082,1851596,0.0005843607352791862,0.0005173914828072646
310,2,2024,38,1,57,Hamburg,6,1851596,3.240447700254267e-06,3.0784253152415536e-05
311,2,2024,41,2,114,Hamburg,12,1851596,6.480895400508534e-06,6.156850630483107e-05
312,2,2024,43,1,57,Hamburg,7,1851596,3.7805223169633116e-06,3.0784253152415536e-05
313,2,2024,44,1,57,Hamburg,7,1851596,3.7805223169633116e-06,3.0784253152415536e-05
314,2,2024,45,1,57,Hamburg,17,1851596,9.181268484053756e-06,3.0784253152415536e-05
315,2,2024,46,1,57,Hamburg,16,1851596,8.641193867344713e-06,3.0784253152415536e-05
316,2,2024,47,1,57,Hamburg,39,1851596,2.1062910051652735e-05,3.0784253152415536e-05
317,2,2024,50,3,171,Hamburg,112,1851596,6.0488357071412986e-05,9.235275945724662e-05
318,3,2024,37,13,570,Hamburg,7,1851596,3.7805223169633116e-06,0.0003078425315241554
319,3,2024,38,68,2978,Hamburg,6,1851596,3.240447700254267e-06,0.0016083422085595347
320,3,2024,39,86,3766,Hamburg,5,1851596,2.7003730835452227e-06,0.0020339210065262615
321,3,2024,40,144,6311,Hamburg,6,1851596,3.240447700254267e-06,0.00340841090605078
322,3,2024,41,538,23556,Hamburg,12,1851596,6.480895400508534e-06,0.012721997671198252
323,3,2024,42,387,16945,Hamburg,6,1851596,3.240447700254267e-06,0.00915156438013476
324,3,2024,43,265,11607,Hamburg,7,1851596,3.7805223169633116e-06,0.006268646076141879
325,3,2024,44,182,7972,Hamburg,7,1851596,3.7805223169633116e-06,0.004305474844404503
326,3,2024,45,311,13620,Hamburg,17,1851596,9.181268484053756e-06,0.007355816279577186
327,3,2024,46,260,14873,Hamburg,16,1851596,8.641193867344713e-06,0.008032529774313618
328,3,2024,47,179,10235,Hamburg,39,1851596,2.1062910051652735e-05,0.005527663702017071
329,3,2024,48,127,6744,Hamburg,48,1851596,2.5923581602034137e-05,0.003642263215085796
330,3,2024,49,109,5791,Hamburg,76,1851596,4.1045670869887384e-05,0.003127572105362077
331,3,2024,50,66,3504,Hamburg,112,1851596,6.0488357071412986e-05,0.001892421456948492
332,3,2024,51,56,3201,Hamburg,187,1851596,0.00010099395332459132,0.0017287788480856514
333,3,2024,52,2,114,Hamburg,106,1851596,5.724790937115872e-05,6.156850630483107e-05
334,3,2025,1,1,57,Hamburg,178,1851596,9.613328177420993e-05,3.0784253152415536e-05
335,3,2025,2,12,684,Hamburg,314,1851596,0.00016958342964663997,0.00036941103782898646
336,3,2025,3,23,1312,Hamburg,486,1851596,0.00026247626372059564,0.0007085778971222664
337,3,2025,4,17,1054,Hamburg,760,1851596,0.00041045670869887385,0.0005692386460113329
338,3,2025,5,9,558,Hamburg,1082,1851596,0.0005843607352791862,0.00030136163612364686
339,1,2024,35,2,75,Hessen,12,6267546,1.914624958476571e-06,1.196640599047857e-05
340,1,2024,36,8,302,Hessen,10,6267546,1.595520798730476e-06,4.8184728121660375e-05
341,1,2024,37,138,5187,Hessen,8,6267546,1.2764166389843808e-06,0.0008275966383014979
342,1,2024,38,382,14352,Hessen,5,6267546,7.97760399365238e-07,0.002289891450337979
343,1,2024,39,694,26379,Hessen,11,6267546,1.7550728786035237e-06,0.004208824314971123
344,1,2024,40,1180,44846,Hessen,12,6267546,1.914624958476571e-06,0.007155272573986693
345,1,2024,41,2699,102587,Hessen,12,6267546,1.914624958476571e-06,0.016367969217936335
346,1,2024,42,2143,81453,Hessen,16,6267546,2.5528332779687616e-06,0.012995995561899346
347,1,2024,43,1939,72835,Hessen,17,6267546,2.712385357841809e-06,0.011620975737553422
348,1,2024,44,2217,84267,Hessen,25,6267546,3.98880199682619e-06,0.013444975114662102
349,1,2024,45,1761,67746,Hessen,22,6267546,3.5101457572070474e-06,0.010809015203079482
350,1,2024,46,1299,50635,Hessen,25,6267546,3.98880199682619e-06,0.008078919564371765
351,1,2024,47,950,37477,Hessen,35,6267546,5.584322795556666e-06,0.005979533297402205
352,1,2024,48,690,27976,Hessen,49,6267546,7.818051913779333e-06,0.00446362898652838
353,1,2024,49,445,18044,Hessen,56,6267546,8.934916472890666e-06,0.002878957729229271
354,1,2024,50,382,15494,Hessen,96,6267546,1.531699966781257e-05,0.0024720999255529994
355,1,2024,51,270,10644,Hessen,253,6267546,4.0366676207881044e-05,0.0016982723381687187
356,1,2024,52,10,400,Hessen,167,6267546,2.664519733879895e-05,6.382083194921904e-05
357,1,2025,1,40,1642,Hessen,403,6267546,6.429948818883818e-05,0.00026198451515154413
358,1,2025,2,131,5376,Hessen,721,6267546,0.00011503704958846731,0.0008577519813975039
359,1,2025,3,111,4554,Hessen,932,6267546,0.00014870253844168036,0.0007266001717418588
360,1,2025,4,96,4046,Hessen,1904,6267546,0.00030378716007828263,0.0006455477151663506
361,1,2025,5,81,3470,Hessen,2732,6267546,0.00043589628221316605,0.0005536457171594752
362,2,2024,35,2,0,Hessen,12,6267546,1.914624958476571e-06,0.0
363,2,2024,37,5,0,Hessen,8,6267546,1.2764166389843808e-06,0.0
364,2,2024,38,19,0,Hessen,5,6267546,7.97760399365238e-07,0.0
365,2,2024,39,30,0,Hessen,11,6267546,1.7550728786035237e-06,0.0
366,2,2024,40,105,0,Hessen,12,6267546,1.914624958476571e-06,0.0
367,2,2024,41,121,0,Hessen,12,6267546,1.914624958476571e-06,0.0
368,2,2024,42,94,0,Hessen,16,6267546,2.5528332779687616e-06,0.0
369,2,2024,43,85,0,Hessen,17,6267546,2.712385357841809e-06,0.0
370,2,2024,44,98,0,Hessen,25,6267546,3.98880199682619e-06,0.0
371,2,2024,45,74,0,Hessen,22,6267546,3.5101457572070474e-06,0.0
372,2,2024,46,36,0,Hessen,25,6267546,3.98880199682619e-06,0.0
373,2,2024,47,26,0,Hessen,35,6267546,5.584322795556666e-06,0.0
374,2,2024,48,25,0,Hessen,49,6267546,7.818051913779333e-06,0.0
375,2,2024,49,16,0,Hessen,56,6267546,8.934916472890666e-06,0.0
376,2,2024,50,18,0,Hessen,96,6267546,1.531699966781257e-05,0.0
377,2,2024,51,10,0,Hessen,253,6267546,4.0366676207881044e-05,0.0
378,2,2024,52,2,0,Hessen,167,6267546,2.664519733879895e-05,0.0
379,2,2025,1,8,0,Hessen,403,6267546,6.429948818883818e-05,0.0
380,2,2025,2,49,0,Hessen,721,6267546,0.00011503704958846731,0.0
381,2,2025,3,35,0,Hessen,932,6267546,0.00014870253844168036,0.0
382,2,2025,4,4,0,Hessen,1904,6267546,0.00030378716007828263,0.0
383,2,2025,5,5,0,Hessen,2732,6267546,0.00043589628221316605,0.0
384,3,2024,35,6,264,Hessen,12,6267546,1.914624958476571e-06,4.2121749086484565e-05
385,3,2024,36,16,768,Hessen,10,6267546,1.595520798730476e-06,0.00012253599734250056
386,3,2024,37,51,2445,Hessen,8,6267546,1.2764166389843808e-06,0.0003901048352896014
387,3,2024,38,139,6662,Hessen,5,6267546,7.97760399365238e-07,0.0010629359561142432
388,3,2024,39,269,12893,Hessen,11,6267546,1.7550728786035237e-06,0.0020571049658032027
389,3,2024,40,502,24057,Hessen,12,6267546,1.914624958476571e-06,0.0038383443855059063
390,3,2024,41,1299,62246,Hessen,12,6267546,1.914624958476571e-06,0.00993147876377772
391,3,2024,42,1112,53288,Hessen,16,6267546,2.5528332779687616e-06,0.00850221123227496
392,3,2024,43,1090,52242,Hessen,17,6267546,2.712385357841809e-06,0.008335319756727752
393,3,2024,44,1419,67999,Hessen,25,6267546,3.98880199682619e-06,0.010849381879287363
394,3,2024,45,1135,54395,Hessen,22,6267546,3.5101457572070474e-06,0.008678835384694425
395,3,2024,46,771,36950,Hessen,25,6267546,3.98880199682619e-06,0.005895449351309109
396,3,2024,47,643,31704,Hessen,35,6267546,5.584322795556666e-06,0.005058439140295102
397,3,2024,48,501,24700,Hessen,49,6267546,7.818051913779333e-06,0.003940936372864276
398,3,2024,49,386,19622,Hessen,56,6267546,8.934916472890666e-06,0.00313073091126894
399,3,2024,50,262,13324,Hessen,96,6267546,1.531699966781257e-05,0.0021258719122284864
400,3,2024,51,170,8645,Hessen,253,6267546,4.0366676207881044e-05,0.0013793277305024965
401,3,2024,52,3,153,Hessen,167,6267546,2.664519733879895e-05,2.4411468220576284e-05
402,3,2025,1,19,968,Hessen,403,6267546,6.429948818883818e-05,0.0001544464133171101
403,3,2025,2,76,3748,Hessen,721,6267546,0.00011503704958846731,0.0005980011953641824
404,3,2025,3,76,3747,Hessen,932,6267546,0.00014870253844168036,0.0005978416432843094
405,3,2025,4,71,3615,Hessen,1904,6267546,0.00030378716007828263,0.000576780768741067
406,3,2025,5,43,2190,Hessen,2732,6267546,0.00043589628221316605,0.00034941905492197426
407,1,2024,36,1,41,Mecklenburg-Vorpommern,2,1578041,1.2673941931800251e-06,2.5981580960190515e-05
408,1,2024,37,16,655,Mecklenburg-Vorpommern,1,1578041,6.336970965900126e-07,0.0004150715982664582
409,1,2024,38,248,10147,Mecklenburg-Vorpommern,1,1578041,6.336970965900126e-07,0.006430124439098858
410,1,2024,39,319,13766,Mecklenburg-Vorpommern,3,1578041,1.9010912897700376e-06,0.008723474231658113
411,1,2024,40,496,21408,Mecklenburg-Vorpommern,1,1578041,6.336970965900126e-07,0.01356618744379899
412,1,2024,41,870,37556,Mecklenburg-Vorpommern,12,1578041,7.60436515908015e-06,0.02379912815953451
413,1,2024,42,710,30645,Mecklenburg-Vorpommern,10,1578041,6.336970965900126e-06,0.019419647525000933
414,1,2024,43,244,10530,Mecklenburg-Vorpommern,15,1578041,9.505456448850188e-06,0.006672830427092832
415,1,2024,44,367,15840,Mecklenburg-Vorpommern,10,1578041,6.336970965900126e-06,0.010037762009985799
416,1,2024,45,455,20801,Mecklenburg-Vorpommern,7,1578041,4.435879676130088e-06,0.013181533306168851
417,1,2024,46,333,15220,Mecklenburg-Vorpommern,11,1578041,6.970668062490138e-06,0.009644869810099991
418,1,2024,47,273,13262,Mecklenburg-Vorpommern,19,1578041,1.2040244835210238e-05,0.008404090894976747
419,1,2024,48,202,9817,Mecklenburg-Vorpommern,28,1578041,1.774351870452035e-05,0.006221004397224153
420,1,2024,49,117,5688,Mecklenburg-Vorpommern,21,1578041,1.3307639028390264e-05,0.0036044690854039915
421,1,2024,50,111,5396,Mecklenburg-Vorpommern,64,1578041,4.0556614181760804e-05,0.0034194295331997078
422,1,2024,51,46,2236,Mecklenburg-Vorpommern,105,1578041,6.653819514195132e-05,0.0014169467079752681
423,1,2024,52,5,244,Mecklenburg-Vorpommern,29,1578041,1.8377215801110363e-05,0.00015462209156796308
424,1,2025,1,19,926,Mecklenburg-Vorpommern,103,1578041,6.52708009487713e-05,0.0005868035114423516
425,1,2025,2,38,1969,Mecklenburg-Vorpommern,279,1578041,0.0001768014899486135,0.0012477495831857348
426,1,2025,3,23,1193,Mecklenburg-Vorpommern,556,1578041,0.00035233558570404696,0.0007560006362318849
427,1,2025,4,27,1401,Mecklenburg-Vorpommern,1020,1578041,0.0006463710385218128,0.0008878096323226076
428,1,2025,5,12,623,Mecklenburg-Vorpommern,1561,1578041,0.0009892011677770096,0.00039479329117557784
429,3,2024,37,11,630,Mecklenburg-Vorpommern,1,1578041,6.336970965900126e-07,0.0003992291708517079
430,3,2024,38,57,3259,Mecklenburg-Vorpommern,1,1578041,6.336970965900126e-07,0.002065218837786851
431,3,2024,39,103,5894,Mecklenburg-Vorpommern,3,1578041,1.9010912897700376e-06,0.003735010687301534
432,3,2024,40,229,13107,Mecklenburg-Vorpommern,1,1578041,6.336970965900126e-07,0.008305867845005295
433,3,2024,41,489,27988,Mecklenburg-Vorpommern,12,1578041,7.60436515908015e-06,0.01773591433936127
434,3,2024,42,473,27074,Mecklenburg-Vorpommern,10,1578041,6.336970965900126e-06,0.017156715193078
435,3,2024,43,202,11558,Mecklenburg-Vorpommern,15,1578041,9.505456448850188e-06,0.007324271042387365
436,3,2024,44,195,11160,Mecklenburg-Vorpommern,10,1578041,6.336970965900126e-06,0.00707205959794454
437,3,2024,45,222,14519,Mecklenburg-Vorpommern,7,1578041,4.435879676130088e-06,0.009200648145390393
438,3,2024,46,227,14843,Mecklenburg-Vorpommern,11,1578041,6.970668062490138e-06,0.009405966004685556
439,3,2024,47,138,9021,Mecklenburg-Vorpommern,19,1578041,1.2040244835210238e-05,0.005716581508338503
440,3,2024,48,50,2859,Mecklenburg-Vorpommern,28,1578041,1.774351870452035e-05,0.001811739999150846
441,3,2024,49,57,3260,Mecklenburg-Vorpommern,21,1578041,1.3307639028390264e-05,0.002065852534883441
442,3,2024,50,47,2686,Mecklenburg-Vorpommern,64,1578041,4.0556614181760804e-05,0.0017021104014407738
443,3,2024,51,25,1428,Mecklenburg-Vorpommern,105,1578041,6.653819514195132e-05,0.0009049194539305379
444,3,2024,52,1,57,Mecklenburg-Vorpommern,29,1578041,1.8377215801110363e-05,3.6120734505630715e-05
445,3,2025,1,5,285,Mecklenburg-Vorpommern,103,1578041,6.52708009487713e-05,0.00018060367252815357
446,3,2025,2,23,1312,Mecklenburg-Vorpommern,279,1578041,0.0001768014899486135,0.0008314105907260965
447,3,2025,3,10,571,Mecklenburg-Vorpommern,556,1578041,0.00035233558570404696,0.0003618410421528972
448,3,2025,4,8,456,Mecklenburg-Vorpommern,1020,1578041,0.0006463710385218128,0.0002889658760450457
449,3,2025,5,2,114,Mecklenburg-Vorpommern,1561,1578041,0.0009892011677770096,7.224146901126143e-05
450,1,2024,34,1,39,Niedersachsen,8,8008135,9.989841579843496e-07,4.870047770173705e-06
451,1,2024,35,7,271,Niedersachsen,4,8008135,4.994920789921748e-07,3.384058835171984e-05
452,1,2024,36,25,968,Niedersachsen,12,8008135,1.4984762369765245e-06,0.00012087708311610631
453,1,2024,37,75,2863,Niedersachsen,3,8008135,3.746190592441311e-07,0.00035751145553864915
454,1,2024,38,473,18255,Niedersachsen,8,8008135,9.989841579843496e-07,0.002279556975500538
455,1,2024,39,934,36037,Niedersachsen,6,8008135,7.492381184882622e-07,0.004500049012660251
456,1,2024,40,2142,83520,Niedersachsen,10,8008135,1.248730197480437e-06,0.01042939460935661
457,1,2024,41,2982,115048,Niedersachsen,11,8008135,1.3736032172284808e-06,0.014366391175972933
458,1,2024,42,2998,115666,Niedersachsen,11,8008135,1.3736032172284808e-06,0.014443562702177223
459,1,2024,43,3812,148632,Niedersachsen,10,8008135,1.248730197480437e-06,0.01856012667119123
460,1,2024,44,2160,86080,Niedersachsen,11,8008135,1.3736032172284808e-06,0.010749069539911602
461,1,2024,45,2781,109582,Niedersachsen,15,8008135,1.8730952962206557e-06,0.013683835250030125
462,1,2024,46,1969,77582,Niedersachsen,31,8008135,3.871063612189355e-06,0.009687898618092727
463,1,2024,47,1412,56277,Niedersachsen,38,8008135,4.745174750425661e-06,0.007027478932360656
464,1,2024,48,950,38271,Niedersachsen,35,8008135,4.37055569118153e-06,0.0047790153387773805
465,1,2024,49,713,28720,Niedersachsen,52,8008135,6.493397026898273e-06,0.003586353127163815
466,1,2024,50,581,24485,Niedersachsen,110,8008135,1.3736032172284809e-05,0.0030575158885308503
467,1,2024,51,388,16352,Niedersachsen,197,8008135,2.459998489036461e-05,0.002041923618920011
468,1,2024,52,24,1001,Niedersachsen,153,8008135,1.9105572021450688e-05,0.00012499789276779175
469,1,2025,1,44,1849,Niedersachsen,262,8008135,3.271673117398745e-05,0.0002308902135141328
470,1,2025,2,164,6999,Niedersachsen,666,8008135,8.316543115219711e-05,0.0008739862652165579
471,1,2025,3,158,6748,Niedersachsen,1117,8008135,0.0001394831630585648,0.0008426431372597989
472,1,2025,4,193,8129,Niedersachsen,2165,8008135,0.00027035008775451463,0.0010150927775318473
473,1,2025,5,105,4380,Niedersachsen,3412,8008135,0.00042606674338032513,0.0005469438264964314
474,2,2024,34,2,46,Niedersachsen,8,8008135,9.989841579843496e-07,5.744158908410011e-06
475,2,2024,36,3,69,Niedersachsen,12,8008135,1.4984762369765245e-06,8.616238362615016e-06
476,2,2024,37,9,207,Niedersachsen,3,8008135,3.746190592441311e-07,2.5848715087845048e-05
477,2,2024,38,12,276,Niedersachsen,8,8008135,9.989841579843496e-07,3.4464953450460064e-05
478,2,2024,39,23,529,Niedersachsen,6,8008135,7.492381184882622e-07,6.605782744671512e-05
479,2,2024,40,47,1081,Niedersachsen,10,8008135,1.248730197480437e-06,0.00013498773434763526
480,2,2024,41,135,3105,Niedersachsen,11,8008135,1.3736032172284808e-06,0.00038773072631767574
481,2,2024,42,96,2208,Niedersachsen,11,8008135,1.3736032172284808e-06,0.0002757196276036805
482,2,2024,43,224,5152,Niedersachsen,10,8008135,1.248730197480437e-06,0.0006433457977419212
483,2,2024,44,50,1150,Niedersachsen,11,8008135,1.3736032172284808e-06,0.00014360397271025025
484,2,2024,45,115,2645,Niedersachsen,15,8008135,1.8730952962206557e-06,0.0003302891372335756
485,2,2024,46,55,1265,Niedersachsen,31,8008135,3.871063612189355e-06,0.0001579643699812753
486,2,2024,47,52,1196,Niedersachsen,38,8008135,4.745174750425661e-06,0.00014934813161866027
487,2,2024,48,29,667,Niedersachsen,35,8008135,4.37055569118153e-06,8.329030417194516e-05
488,2,2024,49,37,851,Niedersachsen,52,8008135,6.493397026898273e-06,0.00010626693980558519
489,2,2024,50,24,552,Niedersachsen,110,8008135,1.3736032172284809e-05,6.892990690092013e-05
490,2,2024,51,8,184,Niedersachsen,197,8008135,2.459998489036461e-05,2.2976635633640044e-05
491,2,2024,52,1,23,Niedersachsen,153,8008135,1.9105572021450688e-05,2.8720794542050055e-06
492,2,2025,1,3,69,Niedersachsen,262,8008135,3.271673117398745e-05,8.616238362615016e-06
493,2,2025,2,4,92,Niedersachsen,666,8008135,8.316543115219711e-05,1.1488317816820022e-05
494,2,2025,3,1,23,Niedersachsen,1117,8008135,0.0001394831630585648,2.8720794542050055e-06
495,2,2025,4,8,184,Niedersachsen,2165,8008135,0.00027035008775451463,2.2976635633640044e-05
496,3,2024,32,1,40,Niedersachsen,9,8008135,1.1238571777323933e-06,4.994920789921748e-06
497,3,2024,35,1,40,Niedersachsen,4,8008135,4.994920789921748e-07,4.994920789921748e-06
498,3,2024,36,6,240,Niedersachsen,12,8008135,1.4984762369765245e-06,2.996952473953049e-05
499,3,2024,37,55,2265,Niedersachsen,3,8008135,3.746190592441311e-07,0.000282837389729319
500,3,2024,38,376,15512,Niedersachsen,8,8008135,9.989841579843496e-07,0.0019370302823316539
501,3,2024,39,771,31808,Niedersachsen,6,8008135,7.492381184882622e-07,0.003971961012145774
502,3,2024,40,1180,48688,Niedersachsen,10,8008135,1.248730197480437e-06,0.006079817585492752
503,3,2024,41,1953,79075,Niedersachsen,11,8008135,1.3736032172284808e-06,0.009874334036576556
504,3,2024,42,1940,78550,Niedersachsen,11,8008135,1.3736032172284808e-06,0.009808775701208833
505,3,2024,43,2304,93290,Niedersachsen,10,8008135,1.248730197480437e-06,0.011649404012294997
506,3,2024,44,1556,62995,Niedersachsen,11,8008135,1.3736032172284808e-06,0.007866375879028014
507,3,2024,45,2016,81619,Niedersachsen,15,8008135,1.8730952962206557e-06,0.01019201099881558
508,3,2024,46,1475,59713,Niedersachsen,31,8008135,3.871063612189355e-06,0.007456542628214934
509,3,2024,47,1106,44777,Niedersachsen,38,8008135,4.745174750425661e-06,0.0055914392052581535
510,3,2024,48,763,31477,Niedersachsen,35,8008135,4.37055569118153e-06,0.003930628042609172
511,3,2024,49,616,25418,Niedersachsen,52,8008135,6.493397026898273e-06,0.003174022415955775
512,3,2024,50,439,18111,Niedersachsen,110,8008135,1.3736032172284809e-05,0.0022615752606568195
513,3,2024,51,352,14522,Niedersachsen,197,8008135,2.459998489036461e-05,0.0018134059927810908
514,3,2024,52,10,420,Niedersachsen,153,8008135,1.9105572021450688e-05,5.244666829417836e-05
515,3,2025,1,22,924,Niedersachsen,262,8008135,3.271673117398745e-05,0.00011538267024719238
516,3,2025,2,143,6009,Niedersachsen,666,8008135,8.316543115219711e-05,0.0007503619756659947
517,3,2025,3,97,4001,Niedersachsen,1117,8008135,0.0001394831630585648,0.0004996169520119229
518,3,2025,4,155,6392,Niedersachsen,2165,8008135,0.00027035008775451463,0.0007981883422294954
519,3,2025,5,84,3529,Niedersachsen,3412,8008135,0.00042606674338032513,0.00044067688669084627
520,1,2024,32,4,120,Nordrhein-Westfalen,20,18017520,1.1100306812480296e-06,6.660184087488178e-06
521,1,2024,33,1,30,Nordrhein-Westfalen,22,18017520,1.2210337493728327e-06,1.6650460218720445e-06
522,1,2024,34,3,93,Nordrhein-Westfalen,33,18017520,1.831550624059249e-06,5.1616426678033385e-06
523,1,2024,35,47,1460,Nordrhein-Westfalen,31,18017520,1.720547555934446e-06,8.103223973110616e-05
524,1,2024,36,110,3490,Nordrhein-Westfalen,26,18017520,1.4430398856224387e-06,0.00019370035387778118
525,1,2024,37,511,16409,Nordrhein-Westfalen,17,18017520,9.435260790608252e-07,0.0009107246724299459
526,1,2024,38,1177,37800,Nordrhein-Westfalen,26,18017520,1.4430398856224387e-06,0.002097957987558776
527,1,2024,39,2023,65924,Nordrhein-Westfalen,26,18017520,1.4430398856224387e-06,0.0036588831315297553
528,1,2024,40,4299,138731,Nordrhein-Westfalen,41,18017520,2.275562896558461e-06,0.00769978332201102
529,1,2024,41,7868,253912,Nordrhein-Westfalen,51,18017520,2.8305782371824757e-06,0.014092505516852486
530,1,2024,42,5822,189697,Nordrhein-Westfalen,37,18017520,2.053556760308855e-06,0.010528474507035375
531,1,2024,43,5157,166417,Nordrhein-Westfalen,45,18017520,2.497569032808067e-06,0.009236398794062668
532,1,2024,44,4959,158586,Nordrhein-Westfalen,31,18017520,1.720547555934446e-06,0.008801766280820002
533,1,2024,45,5266,169142,Nordrhein-Westfalen,62,18017520,3.441095111868892e-06,0.009387640474382711
534,1,2024,46,4128,132015,Nordrhein-Westfalen,78,18017520,4.329119656867316e-06,0.007327035019247932
535,1,2024,47,2833,91423,Nordrhein-Westfalen,141,18017520,7.82571630279861e-06,0.005074116748586931
536,1,2024,48,2140,68733,Nordrhein-Westfalen,182,18017520,1.010127919935707e-05,0.0038147869407110413
537,1,2024,49,1604,51297,Nordrhein-Westfalen,234,18017520,1.2987358970601948e-05,0.002847062192799009
538,1,2024,50,1251,40011,Nordrhein-Westfalen,355,18017520,1.970304459215253e-05,0.002220671879370746
539,1,2024,51,822,26290,Nordrhein-Westfalen,625,18017520,3.468845878900093e-05,0.001459135330500535
540,1,2024,52,52,1664,Nordrhein-Westfalen,420,18017520,2.3310644306208625e-05,9.235455267983608e-05
541,1,2025,1,132,4205,Nordrhein-Westfalen,981,18017520,5.4447004915215854e-05,0.00023338395073239826
542,1,2025,2,424,13677,Nordrhein-Westfalen,2005,18017520,0.00011128057579511498,0.0007590944813714651
543,1,2025,3,433,14025,Nordrhein-Westfalen,2852,18017520,0.00015829037514596904,0.0007784090152251808
544,1,2025,4,415,13320,Nordrhein-Westfalen,5819,18017520,0.00032296342670911423,0.0007392804337111878
545,1,2025,5,272,8730,Nordrhein-Westfalen,9215,18017520,0.0005114466363850297,0.00048452839236476494
546,2,2024,36,34,1877,Nordrhein-Westfalen,26,18017520,1.4430398856224387e-06,0.00010417637943512759
547,2,2024,37,70,3865,Nordrhein-Westfalen,17,18017520,9.435260790608252e-07,0.00021451342915118174
548,2,2024,38,103,5686,Nordrhein-Westfalen,26,18017520,1.4430398856224387e-06,0.00031558172267881485
549,2,2024,39,99,5469,Nordrhein-Westfalen,26,18017520,1.4430398856224387e-06,0.00030353788978727375
550,2,2024,40,243,13414,Nordrhein-Westfalen,41,18017520,2.275562896558461e-06,0.0007444975779130536
551,2,2024,41,346,19107,Nordrhein-Westfalen,51,18017520,2.8305782371824757e-06,0.001060467811330305
552,2,2024,42,176,9717,Nordrhein-Westfalen,37,18017520,2.053556760308855e-06,0.0005393084064843552
553,2,2024,43,200,11042,Nordrhein-Westfalen,45,18017520,2.497569032808067e-06,0.0006128479391170372
554,2,2024,44,140,7729,Nordrhein-Westfalen,31,18017520,1.720547555934446e-06,0.0004289713567683011
555,2,2024,45,126,6956,Nordrhein-Westfalen,62,18017520,3.441095111868892e-06,0.00038606867093806475
556,2,2024,46,90,4970,Nordrhein-Westfalen,78,18017520,4.329119656867316e-06,0.00027584262429013537
557,2,2024,47,73,4027,Nordrhein-Westfalen,141,18017520,7.82571630279861e-06,0.00022350467766929077
558,2,2024,48,74,4085,Nordrhein-Westfalen,182,18017520,1.010127919935707e-05,0.00022672376664491006
559,2,2024,49,52,2870,Nordrhein-Westfalen,234,18017520,1.2987358970601948e-05,0.00015928940275909226
560,2,2024,50,37,2042,Nordrhein-Westfalen,355,18017520,1.970304459215253e-05,0.00011333413255542383
561,2,2024,51,22,1326,Nordrhein-Westfalen,625,18017520,3.468845878900093e-05,7.359503416674437e-05
562,2,2024,52,6,361,Nordrhein-Westfalen,420,18017520,2.3310644306208625e-05,2.0036053796526935e-05
563,2,2025,1,2,120,Nordrhein-Westfalen,981,18017520,5.4447004915215854e-05,6.660184087488178e-06
564,2,2025,2,12,722,Nordrhein-Westfalen,2005,18017520,0.00011128057579511498,4.007210759305387e-05
565,2,2025,3,10,661,Nordrhein-Westfalen,2852,18017520,0.00015829037514596904,3.668651401524738e-05
566,2,2025,4,20,1323,Nordrhein-Westfalen,5819,18017520,0.00032296342670911423,7.342852956455717e-05
567,2,2025,5,9,595,Nordrhein-Westfalen,9215,18017520,0.0005114466363850297,3.3023412767128886e-05
568,3,2024,34,2,74,Nordrhein-Westfalen,33,18017520,1.831550624059249e-06,4.10711352061771e-06
569,3,2024,35,3,111,Nordrhein-Westfalen,31,18017520,1.720547555934446e-06,6.160670280926565e-06
570,3,2024,36,38,1421,Nordrhein-Westfalen,26,18017520,1.4430398856224387e-06,7.886767990267251e-05
571,3,2024,37,321,12188,Nordrhein-Westfalen,17,18017520,9.435260790608252e-07,0.0006764526971525493
572,3,2024,38,851,32303,Nordrhein-Westfalen,26,18017520,1.4430398856224387e-06,0.001792866054817755
573,3,2024,39,1554,59363,Nordrhein-Westfalen,26,18017520,1.4430398856224387e-06,0.003294737566546339
574,3,2024,40,3456,132022,Nordrhein-Westfalen,41,18017520,2.275562896558461e-06,0.007327423529986369
575,3,2024,41,7118,271933,Nordrhein-Westfalen,51,18017520,2.8305782371824757e-06,0.015092698662191022
576,3,2024,42,5895,225209,Nordrhein-Westfalen,37,18017520,2.053556760308855e-06,0.012499444984659377
577,3,2024,43,5010,191392,Nordrhein-Westfalen,45,18017520,2.497569032808067e-06,0.010622549607271145
578,3,2024,44,4601,173492,Nordrhein-Westfalen,31,18017520,1.720547555934446e-06,0.009629072147554159
579,3,2024,45,4352,165187,Nordrhein-Westfalen,62,18017520,3.441095111868892e-06,0.009168131907165915
580,3,2024,46,3321,125227,Nordrhein-Westfalen,78,18017520,4.329119656867316e-06,0.006950290606032351
581,3,2024,47,2607,98956,Nordrhein-Westfalen,141,18017520,7.82571630279861e-06,0.005492209804679001
582,3,2024,48,1883,71477,Nordrhein-Westfalen,182,18017520,1.010127919935707e-05,0.003967083150178271
583,3,2024,49,1399,53107,Nordrhein-Westfalen,234,18017520,1.2987358970601948e-05,0.002947519969451956
584,3,2024,50,1142,43621,Nordrhein-Westfalen,355,18017520,1.970304459215253e-05,0.002421032417336015
585,3,2024,51,707,27000,Nordrhein-Westfalen,625,18017520,3.468845878900093e-05,0.00149854141968484
586,3,2024,52,31,1178,Nordrhein-Westfalen,420,18017520,2.3310644306208625e-05,6.538080712550895e-05
587,3,2025,1,91,3487,Nordrhein-Westfalen,981,18017520,5.4447004915215854e-05,0.000193533849275594
588,3,2025,2,375,14317,Nordrhein-Westfalen,2005,18017520,0.00011128057579511498,0.0007946154631714021
589,3,2025,3,379,14468,Nordrhein-Westfalen,2852,18017520,0.00015829037514596904,0.0008029961948148247
590,3,2025,4,358,13592,Nordrhein-Westfalen,5819,18017520,0.00032296342670911423,0.000754376850976161
591,3,2025,5,219,8359,Nordrhein-Westfalen,9215,18017520,0.0005114466363850297,0.000463937323227614
592,1,2024,31,1,41,Rheinland-Pfalz,3,4125163,7.272439901162694e-07,9.939001198255681e-06
593,1,2024,36,1,47,Rheinland-Pfalz,4,4125163,9.696586534883592e-07,1.139348917848822e-05
594,1,2024,37,38,1872,Rheinland-Pfalz,4,4125163,9.696586534883592e-07,0.0004538002498325521
595,1,2024,38,190,9582,Rheinland-Pfalz,6,4125163,1.4544879802325387e-06,0.0023228173044313643
596,1,2024,39,371,18703,Rheinland-Pfalz,7,4125163,1.6969026436046284e-06,0.004533881449048195
597,1,2024,40,714,36000,Rheinland-Pfalz,3,4125163,7.272439901162694e-07,0.008726927881395232
598,1,2024,41,1791,88253,Rheinland-Pfalz,7,4125163,1.6969026436046284e-06,0.02139382128657704
599,1,2024,42,1221,60159,Rheinland-Pfalz,8,4125163,1.9393173069767185e-06,0.014583423733801549
600,1,2024,43,952,46903,Rheinland-Pfalz,11,4125163,2.6665612970929874e-06,0.011369974956141128
601,1,2024,44,1202,59222,Rheinland-Pfalz,13,4125163,3.151390623837167e-06,0.014356281194221901
602,1,2024,45,1102,54292,Rheinland-Pfalz,10,4125163,2.4241466337208978e-06,0.013161176903797499
603,1,2024,46,833,43068,Rheinland-Pfalz,10,4125163,2.4241466337208978e-06,0.010440314722109163
604,1,2024,47,515,27285,Rheinland-Pfalz,13,4125163,3.151390623837167e-06,0.00661428409010747
605,1,2024,48,408,22162,Rheinland-Pfalz,17,4125163,4.1210492773255266e-06,0.005372393769652254
606,1,2024,49,327,17326,Rheinland-Pfalz,34,4125163,8.242098554651053e-06,0.004200076457584827
607,1,2024,50,266,14445,Rheinland-Pfalz,67,4125163,1.6241782445930014e-05,0.003501679812409837
608,1,2024,51,186,10095,Rheinland-Pfalz,146,4125163,3.539254085232511e-05,0.0024471760267412465
609,1,2024,52,9,490,Rheinland-Pfalz,97,4125163,2.351422234709271e-05,0.00011878318505232399
610,1,2025,1,12,636,Rheinland-Pfalz,208,4125163,5.0422249981394674e-05,0.0001541757259046491
611,1,2025,2,89,4717,Rheinland-Pfalz,505,4125163,0.00012241940500290534,0.0011434699671261474
612,1,2025,3,76,4028,Rheinland-Pfalz,647,4125163,0.0001568422872017421,0.0009764462640627777
613,1,2025,4,77,4081,Rheinland-Pfalz,1319,4125163,0.0003197449409877864,0.0009892942412214984
614,1,2025,5,39,2067,Rheinland-Pfalz,2005,4125163,0.00048604140006104,0.0005010711091901096
615,2,2024,37,1,8,Rheinland-Pfalz,4,4125163,9.696586534883592e-07,1.9393173069767185e-06
616,2,2024,38,6,48,Rheinland-Pfalz,6,4125163,1.4544879802325387e-06,1.163590384186031e-05
617,2,2024,39,13,104,Rheinland-Pfalz,7,4125163,1.6969026436046284e-06,2.5211124990697337e-05
618,2,2024,40,20,160,Rheinland-Pfalz,3,4125163,7.272439901162694e-07,3.8786346139534364e-05
619,2,2024,41,54,432,Rheinland-Pfalz,7,4125163,1.6969026436046284e-06,0.00010472313457674278
620,2,2024,42,106,848,Rheinland-Pfalz,8,4125163,1.9393173069767185e-06,0.00020556763453953214
621,2,2024,43,117,936,Rheinland-Pfalz,11,4125163,2.6665612970929874e-06,0.00022690012491627604
622,2,2024,44,68,358,Rheinland-Pfalz,13,4125163,3.151390623837167e-06,8.678444948720814e-05
623,2,2024,45,75,398,Rheinland-Pfalz,10,4125163,2.4241466337208978e-06,9.648103602209174e-05
624,2,2024,46,53,280,Rheinland-Pfalz,10,4125163,2.4241466337208978e-06,6.787610574418514e-05
625,2,2024,47,29,152,Rheinland-Pfalz,13,4125163,3.151390623837167e-06,3.684702883255765e-05
626,2,2024,48,21,110,Rheinland-Pfalz,17,4125163,4.1210492773255266e-06,2.6665612970929877e-05
627,2,2024,49,18,95,Rheinland-Pfalz,34,4125163,8.242098554651053e-06,2.3029393020348528e-05
628,2,2024,50,12,63,Rheinland-Pfalz,67,4125163,1.6241782445930014e-05,1.5272123792441655e-05
629,2,2024,51,3,16,Rheinland-Pfalz,146,4125163,3.539254085232511e-05,3.878634613953437e-06
630,2,2025,2,2,10,Rheinland-Pfalz,505,4125163,0.00012241940500290534,2.4241466337208978e-06
631,2,2025,4,6,31,Rheinland-Pfalz,1319,4125163,0.0003197449409877864,7.514854564534783e-06
632,2,2025,5,1,5,Rheinland-Pfalz,2005,4125163,0.00048604140006104,1.2120733168604489e-06
633,3,2024,34,1,71,Rheinland-Pfalz,7,4125163,1.6969026436046284e-06,1.7211441099418376e-05
634,3,2024,38,66,4712,Rheinland-Pfalz,6,4125163,1.4544879802325387e-06,0.001142257893809287
635,3,2024,39,106,8074,Rheinland-Pfalz,7,4125163,1.6969026436046284e-06,0.0019572559920662527
636,3,2024,40,225,17143,Rheinland-Pfalz,3,4125163,7.272439901162694e-07,0.004155714574187735
637,3,2024,41,406,30933,Rheinland-Pfalz,7,4125163,1.6969026436046284e-06,0.007498612782088853
638,3,2024,42,239,18208,Rheinland-Pfalz,8,4125163,1.9393173069767185e-06,0.0044138861906790105
639,3,2024,43,255,19426,Rheinland-Pfalz,11,4125163,2.6665612970929874e-06,0.004709147250666216
640,3,2024,44,287,23442,Rheinland-Pfalz,13,4125163,3.151390623837167e-06,0.005682684538768528
641,3,2024,45,340,29899,Rheinland-Pfalz,10,4125163,2.4241466337208978e-06,0.007247956020162112
642,3,2024,46,221,19434,Rheinland-Pfalz,10,4125163,2.4241466337208978e-06,0.0047110865679731925
643,3,2024,47,152,13367,Rheinland-Pfalz,13,4125163,3.151390623837167e-06,0.003240356805294724
644,3,2024,48,73,6421,Rheinland-Pfalz,17,4125163,4.1210492773255266e-06,0.0015565445535121885
645,3,2024,49,71,6245,Rheinland-Pfalz,34,4125163,8.242098554651053e-06,0.0015138795727587006
646,3,2024,50,49,5094,Rheinland-Pfalz,67,4125163,1.6241782445930014e-05,0.0012348602952174253
647,3,2024,51,34,3535,Rheinland-Pfalz,146,4125163,3.539254085232511e-05,0.0008569358350203373
648,3,2024,52,2,208,Rheinland-Pfalz,97,4125163,2.351422234709271e-05,5.0422249981394674e-05
649,3,2025,1,3,312,Rheinland-Pfalz,208,4125163,5.0422249981394674e-05,7.563337497209202e-05
650,3,2025,2,12,1141,Rheinland-Pfalz,505,4125163,0.00012241940500290534,0.00027659513090755447
651,3,2025,3,21,1997,Rheinland-Pfalz,647,4125163,0.0001568422872017421,0.0004841020827540633
652,3,2025,4,12,1140,Rheinland-Pfalz,1319,4125163,0.0003197449409877864,0.00027635271624418234
653,3,2025,5,13,1236,Rheinland-Pfalz,2005,4125163,0.00048604140006104,0.000299624523927903
654,1,2024,37,17,341,Saarland,1,1014047,9.861475848752574e-07,0.00033627632644246273
655,1,2024,38,159,3191,Saarland,0,1014047,0.0,0.0031467969433369458
656,1,2024,39,324,6506,Saarland,3,1014047,2.9584427546257716e-06,0.0064158761871984235
657,1,2024,40,459,9215,Saarland,1,1014047,9.861475848752574e-07,0.009087349994625496
658,1,2024,41,694,13936,Saarland,4,1014047,3.944590339501029e-06,0.013742952742821585
659,1,2024,42,758,15223,Saarland,3,1014047,2.9584427546257716e-06,0.015012124684556042
660,1,2024,43,528,10598,Saarland,2,1014047,1.9722951697505147e-06,0.010451192104507977
661,1,2024,44,491,9856,Saarland,2,1014047,1.9722951697505147e-06,0.009719470596530536
662,1,2024,45,540,10840,Saarland,6,1014047,5.916885509251543e-06,0.010689839820047788
663,1,2024,46,301,6950,Saarland,3,1014047,2.9584427546257716e-06,0.006853725714883038
664,1,2024,47,271,6584,Saarland,2,1014047,1.9722951697505147e-06,0.006492795698818694
665,1,2024,48,200,4859,Saarland,10,1014047,9.861475848752572e-06,0.004791691114908875
666,1,2024,49,127,3086,Saarland,12,1014047,1.1833771018503087e-05,0.0030432514469250437
667,1,2024,50,126,3061,Saarland,26,1014047,2.563983720675669e-05,0.0030185977573031625
668,1,2024,51,77,1871,Saarland,32,1014047,3.1556722716008235e-05,0.0018450821313016064
669,1,2025,1,12,288,Saarland,69,1014047,6.804418335639275e-05,0.0002840105044440741
670,1,2025,2,47,1140,Saarland,121,1014047,0.00011932385776990613,0.0011242082467577933
671,1,2025,3,33,800,Saarland,141,1014047,0.00013904680946741127,0.0007889180679002059
672,1,2025,4,33,761,Saarland,216,1014047,0.00021300787833305557,0.0007504583120900708
673,1,2025,5,40,922,Saarland,303,1014047,0.00029880271821720297,0.0009092280732549872
674,3,2024,37,8,265,Saarland,1,1014047,9.861475848752574e-07,0.00026132910999194316
675,3,2024,38,70,2892,Saarland,0,1014047,0.0,0.002851938815459244
676,3,2024,39,263,10877,Saarland,3,1014047,2.9584427546257716e-06,0.010726327280688173
677,3,2024,40,331,13686,Saarland,1,1014047,9.861475848752574e-07,0.013496415846602772
678,3,2024,41,603,24942,Saarland,4,1014047,3.944590339501029e-06,0.024596493061958668
679,3,2024,42,414,17127,Saarland,3,1014047,2.9584427546257716e-06,0.016889749686158532
680,3,2024,43,286,9464,Saarland,2,1014047,1.9722951697505147e-06,0.009332900743259435
681,3,2024,44,280,9268,Saarland,2,1014047,1.9722951697505147e-06,0.009139615816623885
682,3,2024,45,343,11352,Saarland,6,1014047,5.916885509251543e-06,0.011194747383503921
683,3,2024,46,181,5986,Saarland,3,1014047,2.9584427546257716e-06,0.00590307944306329
684,3,2024,47,143,4730,Saarland,2,1014047,1.9722951697505147e-06,0.0046644780764599665
685,3,2024,48,113,3737,Saarland,10,1014047,9.861475848752572e-06,0.0036852335246788364
686,3,2024,49,81,2678,Saarland,12,1014047,1.1833771018503087e-05,0.002640903232295939
687,3,2024,50,74,2446,Saarland,26,1014047,2.563983720675669e-05,0.002412116992604879
688,3,2024,51,42,1388,Saarland,32,1014047,3.1556722716008235e-05,0.0013687728478068571
689,3,2025,1,4,132,Saarland,69,1014047,6.804418335639275e-05,0.00013017148120353397
690,3,2025,2,27,891,Saarland,121,1014047,0.00011932385776990613,0.0008786574981238543
691,3,2025,3,31,1024,Saarland,141,1014047,0.00013904680946741127,0.0010098151269122635
692,3,2025,4,18,594,Saarland,216,1014047,0.00021300787833305557,0.0005857716654159028
693,3,2025,5,6,198,Saarland,303,1014047,0.00029880271821720297,0.00019525722180530094
694,1,2024,33,1,112,Sachsen,13,4054689,3.206164517179986e-06,2.7622340455704496e-05
695,1,2024,37,41,4576,Sachsen,10,4054689,2.4662803978307584e-06,0.001128569910047355
696,1,2024,38,145,16175,Sachsen,18,4054689,4.4393047160953655e-06,0.003989208543491252
697,1,2024,39,174,19412,Sachsen,20,4054689,4.932560795661517e-06,0.004787543508269068
698,1,2024,40,363,40493,Sachsen,16,4054689,3.946048636529213e-06,0.00998670921493609
699,1,2024,41,342,38154,Sachsen,21,4054689,5.179188835444593e-06,0.009409846229883476
700,1,2024,42,405,45179,Sachsen,20,4054689,4.932560795661517e-06,0.011142408209359583
701,1,2024,43,723,80647,Sachsen,36,4054689,8.878609432190731e-06,0.019889811524385716
702,1,2024,44,472,52654,Sachsen,30,4054689,7.398841193492275e-06,0.012985952806738076
703,1,2024,45,628,70052,Sachsen,27,4054689,6.658957074143048e-06,0.01727678744288403
704,1,2024,46,506,56445,Sachsen,46,4054689,1.1344889830021489e-05,0.013920919705555717
705,1,2024,47,312,34807,Sachsen,37,4054689,9.125237471973805e-06,0.008584382180729521
706,1,2024,48,236,26330,Sachsen,98,4054689,2.4169547898741434e-05,0.006493716287488387
707,1,2024,49,230,25657,Sachsen,141,4054689,3.477455360941369e-05,0.006327735616714377
708,1,2024,50,139,15511,Sachsen,229,4054689,5.647782111032437e-05,0.0038254475250752893
709,1,2024,51,89,9933,Sachsen,507,4054689,0.00012504041617001946,0.0024497563191652923
710,1,2024,52,7,783,Sachsen,185,4054689,4.5626187359869034e-05,0.0001931097551501484
711,1,2025,1,6,670,Sachsen,304,4054689,7.497492409405505e-05,0.0001652407866546608
712,1,2025,2,47,5248,Sachsen,1274,4054689,0.00031420412268363864,0.001294303952781582
713,1,2025,3,34,3797,Sachsen,1803,4054689,0.00044467035572888573,0.0009364466670563389
714,1,2025,4,36,4018,Sachsen,3428,4054689,0.000845440920376384,0.0009909514638483988
715,1,2025,5,14,1566,Sachsen,5776,4054689,0.001424523557787046,0.0003862195103002968
716,3,2024,37,9,663,Sachsen,10,4054689,2.4662803978307584e-06,0.0001635143903761793
717,3,2024,38,15,1104,Sachsen,18,4054689,4.4393047160953655e-06,0.00027227735592051574
718,3,2024,39,54,3975,Sachsen,20,4054689,4.932560795661517e-06,0.0009803464581377265
719,3,2024,40,131,9064,Sachsen,16,4054689,3.946048636529213e-06,0.002235436552593799
720,3,2024,41,454,31426,Sachsen,21,4054689,5.179188835444593e-06,0.007750532778222941
721,3,2024,42,787,54482,Sachsen,20,4054689,4.932560795661517e-06,0.013436788863461538
722,3,2024,43,686,47490,Sachsen,36,4054689,8.878609432190731e-06,0.011712365609298272
723,3,2024,44,446,30870,Sachsen,30,4054689,7.398841193492275e-06,0.007613407588103551
724,3,2024,45,414,28653,Sachsen,27,4054689,6.658957074143048e-06,0.007066633223904472
725,3,2024,46,345,23881,Sachsen,46,4054689,1.1344889830021489e-05,0.005889724218059634
726,3,2024,47,218,15090,Sachsen,37,4054689,9.125237471973805e-06,0.0037216171203266145
727,3,2024,48,275,19031,Sachsen,98,4054689,2.4169547898741434e-05,0.004693578225111716
728,3,2024,49,171,11833,Sachsen,141,4054689,3.477455360941369e-05,0.0029183495947531363
729,3,2024,50,111,7683,Sachsen,229,4054689,5.647782111032437e-05,0.0018948432296533716
730,3,2024,51,70,4574,Sachsen,507,4054689,0.00012504041617001946,0.001128076653967789
731,3,2024,52,2,130,Sachsen,185,4054689,4.5626187359869034e-05,3.206164517179986e-05
732,3,2025,1,3,196,Sachsen,304,4054689,7.497492409405505e-05,4.833909579748287e-05
733,3,2025,2,46,2852,Sachsen,1274,4054689,0.00031420412268363864,0.0007033831694613323
734,3,2025,3,29,1798,Sachsen,1803,4054689,0.00044467035572888573,0.00044343721552997037
735,3,2025,4,24,1567,Sachsen,3428,4054689,0.000845440920376384,0.00038646613834007987
736,3,2025,5,8,552,Sachsen,5776,4054689,0.001424523557787046,0.00013613867796025787
737,1,2024,32,1,45,Sachsen-Anhalt,6,2144570,2.7977636542523677e-06,2.0983227406892757e-05
738,1,2024,35,2,90,Sachsen-Anhalt,4,2144570,1.8651757695015784e-06,4.1966454813785515e-05
739,1,2024,36,4,180,Sachsen-Anhalt,5,2144570,2.331469711876973e-06,8.393290962757103e-05
740,1,2024,37,133,5974,Sachsen-Anhalt,6,2144570,2.7977636542523677e-06,0.0027856400117506072
741,1,2024,38,429,19263,Sachsen-Anhalt,15,2144570,6.994409135630919e-06,0.008982220211977227
742,1,2024,39,596,26764,Sachsen-Anhalt,9,2144570,4.196645481378552e-06,0.012479891073735061
743,1,2024,40,799,35880,Sachsen-Anhalt,8,2144570,3.730351539003157e-06,0.016730626652429158
744,1,2024,41,1024,45982,Sachsen-Anhalt,10,2144570,4.662939423753946e-06,0.021441128058305396
745,1,2024,42,1389,62371,Sachsen-Anhalt,21,2144570,9.792172789883286e-06,0.029083219479895738
746,1,2024,43,1067,47911,Sachsen-Anhalt,18,2144570,8.393290962757103e-06,0.02234060907314753
747,1,2024,44,690,30986,Sachsen-Anhalt,18,2144570,8.393290962757103e-06,0.014448584098443977
748,1,2024,45,716,32152,Sachsen-Anhalt,28,2144570,1.3056230386511048e-05,0.014992282835253687
749,1,2024,46,575,25819,Sachsen-Anhalt,16,2144570,7.460703078006314e-06,0.012039243298190313
750,1,2024,47,439,19715,Sachsen-Anhalt,38,2144570,1.7719169810264995e-05,0.009192985073930904
751,1,2024,48,334,15000,Sachsen-Anhalt,36,2144570,1.6786581925514206e-05,0.006994409135630919
752,1,2024,49,274,12307,Sachsen-Anhalt,45,2144570,2.0983227406892757e-05,0.005738679548813981
753,1,2024,50,242,11436,Sachsen-Anhalt,95,2144570,4.429792452566249e-05,0.005332537525005013
754,1,2024,51,144,6805,Sachsen-Anhalt,195,2144570,9.092731876320194e-05,0.00317313027786456
755,1,2024,52,2,94,Sachsen-Anhalt,50,2144570,2.331469711876973e-05,4.383163058328709e-05
756,1,2025,1,10,473,Sachsen-Anhalt,156,2144570,7.274185501056155e-05,0.00022055703474356165
757,1,2025,2,45,2126,Sachsen-Anhalt,436,2144570,0.00020330415887567205,0.000991340921490089
758,1,2025,3,66,3117,Sachsen-Anhalt,932,2144570,0.00043458595429386775,0.001453438218384105
759,1,2025,4,41,1934,Sachsen-Anhalt,2070,2144570,0.0009652284607170669,0.0009018124845540131
760,1,2025,5,15,709,Sachsen-Anhalt,2480,2144570,0.0011564089770909787,0.00033060240514415476
761,2,2024,37,1,52,Sachsen-Anhalt,6,2144570,2.7977636542523677e-06,2.424728500352052e-05
762,2,2024,39,8,412,Sachsen-Anhalt,9,2144570,4.196645481378552e-06,0.00019211310425866257
763,2,2024,40,46,2369,Sachsen-Anhalt,8,2144570,3.730351539003157e-06,0.0011046503494873097
764,2,2024,41,58,2990,Sachsen-Anhalt,10,2144570,4.662939423753946e-06,0.0013942188877024298
765,2,2024,42,197,10155,Sachsen-Anhalt,21,2144570,9.792172789883286e-06,0.0047352149848221324
766,2,2024,43,149,7678,Sachsen-Anhalt,18,2144570,8.393290962757103e-06,0.00358020488955828
767,2,2024,44,56,2886,Sachsen-Anhalt,18,2144570,8.393290962757103e-06,0.0013457243176953888
768,2,2024,45,42,2164,Sachsen-Anhalt,28,2144570,1.3056230386511048e-05,0.001009060091300354
769,2,2024,47,53,2730,Sachsen-Anhalt,38,2144570,1.7719169810264995e-05,0.0012729824626848273
770,2,2024,48,37,1906,Sachsen-Anhalt,36,2144570,1.6786581925514206e-05,0.0008887562541675021
771,2,2024,49,34,1752,Sachsen-Anhalt,45,2144570,2.0983227406892757e-05,0.0008169469870416914
772,2,2024,50,23,1186,Sachsen-Anhalt,95,2144570,4.429792452566249e-05,0.000553024615657218
773,2,2024,51,15,1545,Sachsen-Anhalt,195,2144570,9.092731876320194e-05,0.0007204241409699847
774,2,2024,52,2,206,Sachsen-Anhalt,50,2144570,2.331469711876973e-05,9.605655212933129e-05
775,2,2025,1,2,206,Sachsen-Anhalt,156,2144570,7.274185501056155e-05,9.605655212933129e-05
776,2,2025,2,5,515,Sachsen-Anhalt,436,2144570,0.00020330415887567205,0.00024014138032332823
777,2,2025,3,2,206,Sachsen-Anhalt,932,2144570,0.00043458595429386775,9.605655212933129e-05
778,2,2025,4,2,206,Sachsen-Anhalt,2070,2144570,0.0009652284607170669,9.605655212933129e-05
779,3,2024,37,10,500,Sachsen-Anhalt,6,2144570,2.7977636542523677e-06,0.00023314697118769731
780,3,2024,38,100,4979,Sachsen-Anhalt,15,2144570,6.994409135630919e-06,0.00232167753908709
781,3,2024,39,200,10785,Sachsen-Anhalt,9,2144570,4.196645481378552e-06,0.005028980168518631
782,3,2024,40,399,19860,Sachsen-Anhalt,8,2144570,3.730351539003157e-06,0.009260597695575338
783,3,2024,41,658,32755,Sachsen-Anhalt,10,2144570,4.662939423753946e-06,0.01527345808250605
784,3,2024,42,867,43159,Sachsen-Anhalt,21,2144570,9.792172789883286e-06,0.020124780258979656
785,3,2024,43,798,39726,Sachsen-Anhalt,18,2144570,8.393290962757103e-06,0.018523993154804925
786,3,2024,44,330,16425,Sachsen-Anhalt,18,2144570,8.393290962757103e-06,0.007658878003515856
787,3,2024,45,386,19220,Sachsen-Anhalt,28,2144570,1.3056230386511048e-05,0.008962169572455084
788,3,2024,46,234,11651,Sachsen-Anhalt,16,2144570,7.460703078006314e-06,0.005432790722615722
789,3,2024,47,221,11005,Sachsen-Anhalt,38,2144570,1.7719169810264995e-05,0.005131564835841217
790,3,2024,48,194,9660,Sachsen-Anhalt,36,2144570,1.6786581925514206e-05,0.004504399483346312
791,3,2024,49,225,11202,Sachsen-Anhalt,45,2144570,2.0983227406892757e-05,0.00522342474248917
792,3,2024,50,168,8365,Sachsen-Anhalt,95,2144570,4.429792452566249e-05,0.0039005488279701757
793,3,2024,51,129,6957,Sachsen-Anhalt,195,2144570,9.092731876320194e-05,0.0032440069571056203
794,3,2024,52,19,946,Sachsen-Anhalt,50,2144570,2.331469711876973e-05,0.0004411140694871233
795,3,2025,1,19,947,Sachsen-Anhalt,156,2144570,7.274185501056155e-05,0.0004415803634294987
796,3,2025,2,83,4135,Sachsen-Anhalt,436,2144570,0.00020330415887567205,0.0019281254517222568
797,3,2025,3,76,3785,Sachsen-Anhalt,932,2144570,0.00043458595429386775,0.0017649225718908686
798,3,2025,4,83,4134,Sachsen-Anhalt,2070,2144570,0.0009652284607170669,0.0019276591577798814
799,3,2025,5,52,2592,Sachsen-Anhalt,2480,2144570,0.0011564089770909787,0.0012086338986370228
800,1,2024,36,6,176,Schleswig-Holstein,10,2953202,3.386155095384603e-06,5.959632967876901e-05
801,1,2024,37,60,1842,Schleswig-Holstein,5,2953202,1.6930775476923015e-06,0.0006237297685698439
802,1,2024,38,238,7616,Schleswig-Holstein,4,2953202,1.3544620381538411e-06,0.0025788957206449134
803,1,2024,39,432,14146,Schleswig-Holstein,2,2953202,6.772310190769206e-07,0.004790054997931059
804,1,2024,40,802,26258,Schleswig-Holstein,2,2953202,6.772310190769206e-07,0.00889136604946089
805,1,2024,41,1850,59200,Schleswig-Holstein,3,2953202,1.015846528615381e-06,0.02004603816467685
806,1,2024,42,1613,52818,Schleswig-Holstein,5,2953202,1.6930775476923015e-06,0.017884993982802397
807,1,2024,43,1102,36969,Schleswig-Holstein,9,2953202,3.0475395858461427e-06,0.012518276772127338
808,1,2024,44,674,22071,Schleswig-Holstein,1,2953202,3.386155095384603e-07,0.007473582911023357
809,1,2024,45,943,31636,Schleswig-Holstein,6,2953202,2.031693057230762e-06,0.01071244025975873
810,1,2024,46,765,26918,Schleswig-Holstein,6,2953202,2.031693057230762e-06,0.009114852285756274
811,1,2024,47,556,19557,Schleswig-Holstein,18,2953202,6.095079171692285e-06,0.006622303520043668
812,1,2024,48,465,16360,Schleswig-Holstein,22,2953202,7.449541209846126e-06,0.00553974973604921
813,1,2024,49,293,10574,Schleswig-Holstein,61,2953202,2.0655546081846078e-05,0.003580520397859679
814,1,2024,50,267,9634,Schleswig-Holstein,168,2953202,5.6887405602461325e-05,0.0032622218188935264
815,1,2024,51,176,6517,Schleswig-Holstein,376,2953202,0.00012731943158646107,0.0022067572756621456
816,1,2024,52,15,540,Schleswig-Holstein,149,2953202,5.045371092123058e-05,0.00018285237515076855
817,1,2025,1,23,828,Schleswig-Holstein,219,2953202,7.415679658892281e-05,0.0002803736418978451
818,1,2025,2,73,2632,Schleswig-Holstein,286,2953202,9.684403572799964e-05,0.0008912360211052275
819,1,2025,3,51,1838,Schleswig-Holstein,431,2953202,0.00014594328461107637,0.00062237530653169
820,1,2025,4,92,3234,Schleswig-Holstein,719,2953202,0.00024346455135815294,0.0010950825578473805
821,1,2025,5,37,1299,Schleswig-Holstein,1206,2953202,0.0004083703045033831,0.0004398615468904599
822,2,2024,38,13,689,Schleswig-Holstein,4,2953202,1.3544620381538411e-06,0.00023330608607199913
823,2,2024,39,10,530,Schleswig-Holstein,2,2953202,6.772310190769206e-07,0.00017946622005538394
824,2,2024,40,19,1007,Schleswig-Holstein,2,2953202,6.772310190769206e-07,0.00034098581810522953
825,2,2024,41,21,2226,Schleswig-Holstein,3,2953202,1.015846528615381e-06,0.0007537581242326126
826,2,2024,42,19,2014,Schleswig-Holstein,5,2953202,1.6930775476923015e-06,0.0006819716362104591
827,2,2024,43,21,2226,Schleswig-Holstein,9,2953202,3.0475395858461427e-06,0.0007537581242326126
828,2,2024,44,9,477,Schleswig-Holstein,1,2953202,3.386155095384603e-07,0.00016151959804984556
829,2,2024,45,11,583,Schleswig-Holstein,6,2953202,2.031693057230762e-06,0.00019741284206092235
830,2,2024,46,3,159,Schleswig-Holstein,6,2953202,2.031693057230762e-06,5.383986601661519e-05
831,2,2024,47,4,212,Schleswig-Holstein,18,2953202,6.095079171692285e-06,7.178648802215358e-05
832,2,2024,48,3,159,Schleswig-Holstein,22,2953202,7.449541209846126e-06,5.383986601661519e-05
833,2,2024,49,2,106,Schleswig-Holstein,61,2953202,2.0655546081846078e-05,3.589324401107679e-05
834,2,2024,50,4,212,Schleswig-Holstein,168,2953202,5.6887405602461325e-05,7.178648802215358e-05
835,2,2024,51,2,212,Schleswig-Holstein,376,2953202,0.00012731943158646107,7.178648802215358e-05
836,2,2025,2,1,106,Schleswig-Holstein,286,2953202,9.684403572799964e-05,3.589324401107679e-05
837,2,2025,4,3,318,Schleswig-Holstein,719,2953202,0.00024346455135815294,0.00010767973203323038
838,3,2024,32,1,19,Schleswig-Holstein,2,2953202,6.772310190769206e-07,6.433694681230746e-06
839,3,2024,33,1,19,Schleswig-Holstein,2,2953202,6.772310190769206e-07,6.433694681230746e-06
840,3,2024,35,2,38,Schleswig-Holstein,3,2953202,1.015846528615381e-06,1.2867389362461491e-05
841,3,2024,36,18,344,Schleswig-Holstein,10,2953202,3.386155095384603e-06,0.00011648373528123034
842,3,2024,37,96,1842,Schleswig-Holstein,5,2953202,1.6930775476923015e-06,0.0006237297685698439
843,3,2024,38,395,7584,Schleswig-Holstein,4,2953202,1.3544620381538411e-06,0.0025680600243396827
844,3,2024,39,866,17005,Schleswig-Holstein,2,2953202,6.772310190769206e-07,0.0057581567397015174
845,3,2024,40,1057,20301,Schleswig-Holstein,2,2953202,6.772310190769206e-07,0.006874233459140283
846,3,2024,41,2741,54927,Schleswig-Holstein,3,2953202,1.015846528615381e-06,0.01859913409241901
847,3,2024,42,2268,46410,Schleswig-Holstein,5,2953202,1.6930775476923015e-06,0.015715145797679943
848,3,2024,43,1299,26024,Schleswig-Holstein,9,2953202,3.0475395858461427e-06,0.008812130020228891
849,3,2024,44,766,15043,Schleswig-Holstein,1,2953202,3.386155095384603e-07,0.005093793109987058
850,3,2024,45,1334,26189,Schleswig-Holstein,6,2953202,2.031693057230762e-06,0.008868001579302736
851,3,2024,46,1241,24368,Schleswig-Holstein,6,2953202,2.031693057230762e-06,0.0082513827364332
852,3,2024,47,923,18124,Schleswig-Holstein,18,2953202,6.095079171692285e-06,0.0061370674948750545
853,3,2024,48,675,13258,Schleswig-Holstein,22,2953202,7.449541209846126e-06,0.004489364425460906
854,3,2024,49,454,8918,Schleswig-Holstein,61,2953202,2.0655546081846078e-05,0.003019773114063989
855,3,2024,50,370,7412,Schleswig-Holstein,168,2953202,5.6887405602461325e-05,0.002509818156699068
856,3,2024,51,284,5453,Schleswig-Holstein,376,2953202,0.00012731943158646107,0.001846470373513224
857,3,2024,52,15,295,Schleswig-Holstein,149,2953202,5.045371092123058e-05,9.989157531384578e-05
858,3,2025,1,17,337,Schleswig-Holstein,219,2953202,7.415679658892281e-05,0.00011411342671446111
859,3,2025,2,97,1910,Schleswig-Holstein,286,2953202,9.684403572799964e-05,0.0006467556232184592
860,3,2025,3,127,2542,Schleswig-Holstein,431,2953202,0.00014594328461107637,0.0008607606252467661
861,3,2025,4,103,2062,Schleswig-Holstein,719,2953202,0.00024346455135815294,0.0006982251806683051
862,3,2025,5,60,1258,Schleswig-Holstein,1206,2953202,0.0004083703045033831,0.000425978310999383
863,1,2024,36,1,25,Thüringen,4,2114870,1.8913692094549548e-06,1.1821057559093467e-05
864,1,2024,37,106,2647,Thüringen,1,2114870,4.728423023637387e-07,0.0012516135743568162
865,1,2024,38,277,6913,Thüringen,4,2114870,1.8913692094549548e-06,0.0032687588362405253
866,1,2024,39,490,12231,Thüringen,5,2114870,2.3642115118186934e-06,0.005783334200210888
867,1,2024,40,665,16597,Thüringen,5,2114870,2.3642115118186934e-06,0.007847763692330971
868,1,2024,41,1691,42202,Thüringen,4,2114870,1.8913692094549548e-06,0.0199548908443545
869,1,2024,42,2117,52834,Thüringen,10,2114870,4.728423023637387e-06,0.02498215020308577
870,1,2024,43,1835,45799,Thüringen,7,2114870,3.309896116546171e-06,0.021655704605956866
871,1,2024,44,1075,26831,Thüringen,13,2114870,6.1469499307286025e-06,0.012686831814721472
872,1,2024,45,1218,31145,Thüringen,9,2114870,4.255580721273648e-06,0.014726673507118641
873,1,2024,46,1022,25507,Thüringen,13,2114870,6.1469499307286025e-06,0.012060788606391882
874,1,2024,47,725,18096,Thüringen,23,2114870,1.0875372954365989e-05,0.008556554303574215
875,1,2024,48,544,13578,Thüringen,51,2114870,2.4114957420550674e-05,0.006420252781494844
876,1,2024,49,461,11506,Thüringen,84,2114870,3.971875339855405e-05,0.005440523530997177
877,1,2024,50,304,7588,Thüringen,142,2114870,6.714360693565088e-05,0.003587927390336049
878,1,2024,51,197,5042,Thüringen,307,2114870,0.00014516258682566776,0.0023840708885179704
879,1,2024,52,12,309,Thüringen,136,2114870,6.430655312146846e-05,0.00014610827143039524
880,1,2025,1,30,772,Thüringen,139,2114870,6.572508002855968e-05,0.00036503425742480627
881,1,2025,2,107,2747,Thüringen,486,2114870,0.000229801358948777,0.00129889780459319
882,1,2025,3,85,2180,Thüringen,871,2114870,0.0004118456453588164,0.0010307962191529504
883,1,2025,4,82,2049,Thüringen,1893,2114870,0.0008950904783745573,0.0009688538775433005
884,1,2025,5,40,1000,Thüringen,2809,2114870,0.0013282140273397419,0.00047284230236373866
885,2,2024,36,1,0,Thüringen,4,2114870,1.8913692094549548e-06,0.0
886,2,2024,40,30,0,Thüringen,5,2114870,2.3642115118186934e-06,0.0
887,2,2024,41,92,0,Thüringen,4,2114870,1.8913692094549548e-06,0.0
888,2,2024,42,70,0,Thüringen,10,2114870,4.728423023637387e-06,0.0
889,2,2024,43,48,0,Thüringen,7,2114870,3.309896116546171e-06,0.0
890,2,2024,44,17,0,Thüringen,13,2114870,6.1469499307286025e-06,0.0
891,2,2024,45,53,0,Thüringen,9,2114870,4.255580721273648e-06,0.0
892,2,2024,46,26,0,Thüringen,13,2114870,6.1469499307286025e-06,0.0
893,2,2024,47,30,0,Thüringen,23,2114870,1.0875372954365989e-05,0.0
894,2,2024,48,6,0,Thüringen,51,2114870,2.4114957420550674e-05,0.0
895,2,2024,49,3,0,Thüringen,84,2114870,3.971875339855405e-05,0.0
896,2,2024,50,1,0,Thüringen,142,2114870,6.714360693565088e-05,0.0
897,2,2024,51,4,0,Thüringen,307,2114870,0.00014516258682566776,0.0
898,2,2025,2,2,0,Thüringen,486,2114870,0.000229801358948777,0.0
899,3,2024,36,1,48,Thüringen,4,2114870,1.8913692094549548e-06,2.2696430513459457e-05
900,3,2024,37,41,1965,Thüringen,1,2114870,4.728423023637387e-07,0.0009291351241447464
901,3,2024,38,48,2133,Thüringen,4,2114870,1.8913692094549548e-06,0.0010085726309418546
902,3,2024,39,45,2002,Thüringen,5,2114870,2.3642115118186934e-06,0.0009466302893322049
903,3,2024,40,296,13167,Thüringen,5,2114870,2.3642115118186934e-06,0.006225914595223347
904,3,2024,41,565,25133,Thüringen,4,2114870,1.8913692094549548e-06,0.011883945585307844
905,3,2024,42,1045,46497,Thüringen,10,2114870,4.728423023637387e-06,0.021985748533006756
906,3,2024,43,868,38616,Thüringen,7,2114870,3.309896116546171e-06,0.018259278348078133
907,3,2024,44,458,21952,Thüringen,13,2114870,6.1469499307286025e-06,0.010379834221488792
908,3,2024,45,587,28134,Thüringen,9,2114870,4.255580721273648e-06,0.013302945334701423
909,3,2024,46,422,20227,Thüringen,13,2114870,6.1469499307286025e-06,0.009564181249911341
910,3,2024,47,321,15387,Thüringen,23,2114870,1.0875372954365989e-05,0.007275624506470847
911,3,2024,48,197,9444,Thüringen,51,2114870,2.4114957420550674e-05,0.004465522703523148
912,3,2024,49,143,6856,Thüringen,84,2114870,3.971875339855405e-05,0.0032418068250057923
913,3,2024,50,105,5035,Thüringen,142,2114870,6.714360693565088e-05,0.002380760992401424
914,3,2024,51,80,3837,Thüringen,307,2114870,0.00014516258682566776,0.0018142959141696654
915,3,2024,52,12,576,Thüringen,136,2114870,6.430655312146846e-05,0.00027235716616151346
916,3,2025,1,23,1104,Thüringen,139,2114870,6.572508002855968e-05,0.0005220179018095675
917,3,2025,2,55,2857,Thüringen,486,2114870,0.000229801358948777,0.0013509104578532014
918,3,2025,3,41,2132,Thüringen,871,2114870,0.0004118456453588164,0.0010080997886394909
919,3,2025,4,26,1352,Thüringen,1893,2114870,0.0008950904783745573,0.0006392827927957747
920,3,2025,5,27,1404,Thüringen,2809,2114870,0.0013282140273397419,0.0006638705925186891
